mid,title
13,Forrest Gump
24,Kill Bill: Vol. 1
79,英雄
82,Miami Vice
87,Indiana Jones and the Temple of Doom
604,The Matrix Reloaded
746,The Last Emperor
843,花样年华
1273,TMNT
146,卧虎藏龙
285,Pirates of the Caribbean: At World's End
393,Kill Bill: Vol. 2
1436,??
1439,Anna and the King
1499,Teenage Mutant Ninja Turtles III
1735,The Mummy: Tomb of the Dragon Emperor
605,The Matrix Revolutions
672,Harry Potter and the Chamber of Secrets
673,Harry Potter and the Prisoner of Azkaban
674,Harry Potter and the Goblet of Fire
675,Harry Potter and the Order of the Phoenix
767,Harry Potter and the Half-Blood Prince
1904,Memoirs of a Geisha
2008,Wu Ji
2111,巴尔扎克与小裁缝
844,2046
944,Lethal Weapon 4
1248,Hannibal Rising
1494,满城尽带黄金甲
1729,The Forbidden Kingdom
2314,The Long Run
2463,暗战
2644,最佳拍档
1934,Shakespeare in Love
1996,Lara Croft Tomb Raider: The Cradle of Life
2085,Romeo Must Die
2109,Rush Hour
2137,风云雄霸天下
2645,Zuijia paidang daxian shentong
2646,Zuijia paidang zhi nuhuang miling
2647,Zuijia paidang zhi qianli jiu chaipo
2648,新最佳拍档
2140,Kiss of the Dragon
2270,Stardust
4108,The Transporter
4588,色?戒
4961,Mimic
5174,Rush Hour 3
7549,霍元甲
8341,Samsara
8435,A Cock and Bull Story
8584,Shanghai Noon
9048,倩女幽魂III：道道道
5175,Rush Hour 2
6038,Shanghai Knights
6972,Australia
7346,文雀
8393,The Gods Must Be Crazy
8697,我是谁
9053,DOA: Dead or Alive
9056,警察故事
9060,饺子
8943,一半海水一半火焰
9050,倩女幽魂II人间道
9404,警察故事4之简单任务
9449,The Borrowers
9455,The Corruptor
9460,黑侠
9461,Enter the Dragon
9470,功夫
9594,Double Impact
10034,High Heels and Low Lifes
10044,福星高照
9471,Charlie's Angels: Full Throttle
9502,Kung Fu Panda
9550,十面埋伏
9581,全职杀手
9696,Koroshiya 1
10109,小白龙情海翻波
10204,Around the World in 80 Days
10222,Kickboxer
10275,Shao Lin Si
10348,霹雳火
10404,大红灯笼高高挂
10027,Unleashed
10257,Chin Kei Bin 2 - Fa Tou Tai Kam
10265,韩城攻略
10387,荆轲刺秦王
10431,War
10451,饮食男女
10616,Sat sau ji wong
10617,黄飞鸿
10619,黄飞鸿之三狮王争霸
10610,The Medallion
10618,黄飞鸿之二男儿当自强
10620,黄飞鸿之西域雄狮
10622,一个好人
10623,Cradle 2 the Grave
10674,Mulan
10753,警察故事续集
10835,喋血双雄
10974,龙兄虎弟
10703,七剑
10771,The Tuxedo
10775,无间道
10796,The One
10852,倚天屠龙记之魔教教主
10975,飞鹰计划
10995,L'Amant
10997,霸王别姬
11018,Year of the Dragon
11104,重庆森林
10855,赤裸特工
10951,琉璃樽
11134,警察故事 III：超级警察
11143,太极张三丰
11198,城市猎人
11205,快餐车
11220,堕落天使
11230,醉拳
11286,The Cannonball Run
11332,8 ? Women
11471,英雄本色
11492,盲井
11537,蛇形刁手
11553,千禧曼波
11554,最好的时光
11563,师弟出马
11690,Bloodsport
11702,The Replacement Killers
11782,辣手神探
11817,Bulletproof Monk
11636,新警察故事
11647,无间道II
11653,Shen hua
11713,精武门
11891,Kung Pow: Enter the Fist
11950,Cannonball Run II
11960,Fu Zi
12207,醉拳二
12211,Highlander: Endgame
12289,Chi bi
12434,荡寇
13099,Dak ging san yan lui
13361,A Room with a View
11770,少林足球
11841,少林卅六房
11847,特务迷城
11909,牒血街头
11937,The Gods Must Be Crazy II
12246,Монгол
13513,Jin bei tong
13514,豪侠
13807,放?逐
14172,Wake of Death
14310,无间道III: 终极无间
12276,我的父亲母亲
12444,Harry Potter and the Deathly Hallows: Part 1
12445,Harry Potter and the Deathly Hallows: Part 2
12481,唐山大兄
12543,Dai si gin
14543,The Matrix Revisited
14596,Anita and Me
14735,Boarding Gate
14797,Tian di ying xiong
14808,墨攻
12572,"New York, I Love You"
12780,少年黄飞鸿之铁马骝
13127,杀破狼
13345,西游记第壹佰零壹回之月光宝盒
13402,鬼域
13405,黄石的孩子
14816,狗咬狗
15026,The Guyver
15136,夕阳天使
15724,鬼打鬼
15923,Bodyguard: A New Beginning
16036,鬼马天师
13481,Wu du
13688,长江七号
13836,Race to Witch Mountain
14016,神探
14044,Ji jie hao / Assembly
16269,Du shen
16419,Oh Schucks...! Here Comes UNTAG
16687,Wushu
17158,They Wait
17457,千机变
18060,証人
18232,非诚勿扰
14164,Dragonball Evolution
14202,The Painted Veil
14283,The Red Violin
14392,投名状
18311,阿飞正传
18329,春光乍洩
18385,He ni zai yi qi
18666,新精武门
18670,Hong Xi Guan: Zhi Shao Lin wu zu
14449,Ye yan
14538,三国之见龙卸甲
14539,江山美人
14756,叶问
18704,???
18735,飞渡捲云山
18741,龙腾虎跃
18747,黑社会
18758,Jian hua yan yu Jiang Nan
18760,拳精
15077,黑社会2：以和为贵
15384,赤壁 2
15770,Zhong hua ying xiong
15804,牯岭街少年杀人事件
15860,龙虎门
18812,Lin Shi Rong
18813,龙之忍者
18816,Mang lung
18817,白发魔女传
18822,Xilu xiang
18852,Huo Yuan-Jia
18855,蠍子战士
15939,双子神偷
16321,Shu shan zheng zhuan
16407,Dragon Lord
16411,Tau man ji D
18857,重案组
18867,招半式闯江湖
19267,The Big Brawl
19274,笑拳怪招
16657,门徒
17082,神枪手 / Sun cheung sau
17108,Gong fu guan lan
17422,颐和园
17467,力王
19528,男儿本色
20002,Chandni Chowk To China
20188,如来神掌
20585,Ha Yat Dik Mo Mo Cha
20966,Shao Lin yu Wu Dang
21519,A计划
17653,方世玉
17808,Hua pi
17809,Jing wu ying xiong
17811,Fong Sai Yuk juk jaap
18031,Dark Matter
18305,Ying hung boon sik II
21522,Da lao ai mei li
21537,Ding tian li di
21708,?? ??? 2: ??? ??
21835,西游记大结局之仙履奇缘
21964,天下第一拳
18426,???
18476,Horsemen
18665,鼠胆龙威
18667,东方不败之风云再起
21990,The Man from Hong Kong
22082,Encrypt
22124,洪熙官
22193,Ga yau hei si 2009
22411,Sh?rin sh?jo
22422,?????????
22980,Shi ying xiong chong ying xiong
23019,Kinamand
23676,Ten Minutes Older: The Trumpet
23981,Iron And Silk
24163,旺角卡门
24330,Seventh Moon
24444,新座头市　破れ！唐人剣
24546,Into the Sun
24636,Andy Lau Wonderful World Concert Tour Shanghai 2008
24674,Gin gwai 2
18672,笑傲江湖II东方不败
18674,Zhong Nan Hai bao biao
18707,夏日福星
18725,给爸爸的信
18731,黄飞鸿之铁鸡斗蜈蚣
24993,Kickboxer 2:  The Road Back
25124,Gong fu chu shen
25355,Irma Vep
25384,Bai fa mo nu zhuan II
25423,Kung Fu Killer
25425,笑太极
25474,Yi ngoi
25538,一一
25645,Wing Chun
25654,缘份
25661,Hung kuen dai see
25772,Mor gwai tin si
25838,鬼子来了
18763,龙的心
18764,双龙会
18767,火烧岛
18814,Liu zhi qin mo
26010,Long nga
26480,The Legend of the 7 Golden Vampires
26569,Hu bao long she ying
26582,Zhui Ying
26615,陆阿采与黄飞鸿
26875,天涯明月刀
26929,Dai noi muk taam 009
27060,Mei shao nian zhi lian
27062,Lan Yu
27073,侠盗高飞
27761,六壮士
28039,Xin du bi dao
28366,House of Fury
18860,笑傲江湖
18877,伤城
18899,复仇
19156,十八般武艺
29014,群龙戏凤
29346,宋家皇朝
29363,天下无贼
29459,虎鹤双形
29584,Tai-Pan
29594,飞虎雄心2傲气比天高
29972,二十四城记
19464,Mo hup leung juk
19503,赌神2
19611,Bo chi tung wah
19935,蝴蝶
20083,新宿事件
30004,Legend of the Dragonslayer Sword
30023,Adventures of Power
30112,苹果
20342,不能说的秘密
20811,龙行天下
21345,南京!南京!
21521,A计划续集
30265,Chinese Box
30421,倩女幽魂
30600,麦田
30942,黑拳
31027,Mao xian wang
31185,Baiyin diguo
31439,活着
21621,十四女英豪
21733,Fei lung mang jeung
22809,Feng Yun Jue
23172,The Spy Next Door
23698,Mai dou xiang dang dang
31680,Prisoner 701: Sasori
32091,The Touch
32151,铁三角
32162,黑白战场
32164,三岔口
24889,窃听风云
24922,伊波拉病毒
24986,Fei chang wan mei
25074,奇蹟
25187,Joi sun ho
32229,Bau lit do see
32249,Gong yuan 2000 AD
32516,金瓶梅2 爱的奴隶
32520,五郎八卦棍
25536,PTU
25539,奇谋妙计五福星
25626,建国大业
25655,Duo shuai
25664,柔道龙虎榜
32524,Women From Mars
32982,Ma Yong Zhen
33063,摩登保镳
33338,硬汉
33542,红番区
33840,龙凤斗
25676,Bo bui gai wak
26136,秘岸
26150,Duo biao
26259,大醉侠
26422,The Pillow Book
26499,Muk lau hung gwong
33908,"??, ???"
34182,孔子
34216,战·鼓
34658,搏命单刀夺命抢
34800,刁手怪招
34856,Leui ting jin ging
35117,决战紫禁之顚
35170,Snake and Crane Arts of Shaolin
26784,Qin Song
26877,赤裸羔羊
27578,The Expendables
28578,Shamo
28772,旺角黑夜
29977,Pou hark wong
35800,"Sing kung chok tse yee: Ngor but mai sun, ngor mai chi gung"
35854,导火线
30596,十月围城
31614,Ching toi
31642,Heaven & Earth
32233,大只佬
36113,Luo ye gui gen
36171,Ngo liu poh lut gau ching
36222,Dead or Alive: Final
36273,Hy?ry?-gai
36276,Qing feng xia
36348,半支烟
36640,One Last Dance
32582,Feng sheng
32388,金燕子
32517,审死官
32629,满清十大酷刑
32654,风云Ⅱ
32909,花木兰
36669,Die Another Day
36682,合气道
36931,Hak bak do
37185,Tian mi mi
37263,The Final Curtain
37486,Sham moh
33537,Chin Long Chuen Suet
34179,Jin Yi Wei
34526,我的最爱
34561,紫蝴蝶
34777,Mit moon
35038,龙在天涯
37557,摇啊摇，摇到外婆桥
37588,Bruce Lee: A Warrior's Journey
37711,オペレッタ狸御殿
37844,Ai qing hu jiao zhuan yi
35102,金瓶梅
35138,大兵小将
36244,极道黒社会
36261,十三太保
37868,A Serious Shock! Yes Madam!
37909,Keep Cool
38025,Invisible Waves
38034,女警察
38036,Sijie
38037,Ouran
38040,铁汉柔情
38057,宝葫芦的秘密
38097,Nu zi tai quan qun ying hui
38099,少林门
38100,Fa qian han
38143,秋菊打官司
38264,For lung
36266,Xích l?
36586,Blade II
37030,Shao Lin xiao zi
37032,南北少林
37034,Su Qi-Er
38425,迷你特攻队
38741,Huang cun ke zhan
38955,超级计划
39027,Kickboxer 3: The Art of War
39245,Li Xiao Long zhuan qi
39390,满清十大酷刑之赤裸凌迟2
39432,Hunting Venus
39547,蜈蚣咒
39560,杜拉拉升职记
39751,醉马骝
39828,古惑仔之人在江湖
37304,全城热恋
37472,叶问2: 宗师传奇
37528,Jump
39851,Clean
39854,皇家师姐IV直击证人
39865,Di yu wu men
39881,San De huo shang yu Chong Mi Liu
39886,She sha shou
39900,原振侠与卫斯理
39901,杂家小子
40005,Mei nui sik sung
40008,Lik goo lik goo dui dui pong
40027,Ninja Terminator
40029,女集中营
40038,尸妖
40066,乌鼠机密档案
40067,Wu zhao shi ba fan
40070,Zhong gui
40077,Bin lim mai ching
40081,残缺
37702,大内密探零零发
37703,唐伯虎点秋香
37848,Ci Ling
37849,Wo de tangchao xiongdi
37850,同门
40105,羔羊医生
40107,Hu meng wei long
40118,???
40207,Shen Jing Dao yu Fei Tian Mao
40226,The Era of Vampires
40359,Jing tian long hu bao
40371,烹尸之丧尽天良
40388,忍武者
40390,Sang sei kuen chuk
40435,中国超人
40486,Zhong kui niang zi
40572,How Bruce Lee Changed the World
40751,东邪西毒
37984,跟踪
38030,江湖
38155,Zu: The Warriors from the Magic Mountain
38181,吴清源
38407,Shanghai
38575,The Karate Kid
40830,少林英雄之方世玉洪熙官
40832,Fen nu qing nian
40863,成龙的特技
40889,半生缘
40896,Xiang ji mao yi yang fei
39277,All About Women
39278,Sam hoi tsam yan
39448,Huang jia shi jie
39693,岁月神偷
39776,刀马旦
40974,Lü cha
40980,中华丈夫
41069,Lie mo qun ying
41072,杀手天使
41158,暗花
39850,Eros
39857,八仙饭店之人肉叉烧饱
39915,青蛇
39998,Mi tao cheng shu shi 1997
40006,奇逢敌手
41196,两个只能活一个
41198,向左走向右走
41289,Bloodfight
41343,食神
40166,新流星蝴蝶剑
41364,整蛊专家
40025,撕票风云
40213,新龙门客栈
40346,赌圣
40829,少林木人巷
40977,伊莎贝拉
41377,洪文定三破白莲教
41378,五遁忍术
41383,少林五祖
41387,国产凌凌漆
41392,Fei ying
41400,恋爱行星
41500,Daai sau cha ji neui
41541,Wu hu tu long
41546,机器侠
41673,Ba hai hong ying
41161,大丈夫
41244,Ying hung boon sik III jik yeung ji gor
41380,败家仔
41490,越光宝盒
41535,未来警察
41783,Bian zou bian chang
41819,雌雄双煞
41821,菊豆
41822,客途秋恨
42006,Hong gao liang
41544,游龙戏凤
41838,Mei lai muk ling
41980,Fei saa fung chung chun
41993,志明与春娇
42120,龙虎风云
42230,猩猩王
42340,Ga goh yau chin yan
42544,"El kárate, el Colt y el impostor"
42560,American Fusion
42842,高度戒备
42845,Dao
43152,瘦身男女
43279,Attack Force Z
43637,Zhong hua zhan shi
43672,水浒传
44145,Ai de jiao yu
44154,侠女
42287,黄飞鸿之五龙城歼霸
42324,?? ??? 3
42380,打擂台
42855,黑金
43636,Dung fong saam hap
44217,茉莉花开
44263,全城戒备
44458,如果·爱
44596,弹道
44616,苏乞儿
44619,Lian ai zhong de Bao Bei
44645,Bruce Lee: The Legend
44673,心中有鬼
44676,Jieguo
44677,Bak Ging lok yue liu
44740,月满轩尼诗
44742,双食记
44774,Wu ren jia shi
44777,Iron Fist Pillage
44837,Mei Lanfang
44092,剑雨
44133,变节
44162,蓝风筝
44245,鎗王之王
44249,Yip Man chinchyun
44852,Gaai tau saat sau
44860,雪儿
44861,最后胜利
44865,一代宗师
44924,Shi zi mo hou shou
44971,鬼猛脚
45011,Death Code: Ninja
45197,大小黄天霸
45217,Bat sei ching mai
45303,暗战 2
45304,Ming Ming
45379,天下无双
44267,Yeshou xingjing
44322,东宫西宫
44424,小倩
44554,中华英雄
44555,三枪拍案惊奇
45381,B gai waak
45383,百年好合
45389,Bad Boy特攻
45394,i九一神鵰侠侣
45395,Bi xie lan tian
45396,Biu Che Ji Che San Chuen Suet
45399,City Of Glass
45401,城市女猎人
45405,赤色大风暴
45410,Oi yue shing
45411,La Brassiere
44558,画魂
44560,唐山大地震
44748,Tao hua yun
44914,蝶变
45385,Mou han fou wut
45413,安娜与武林
45414,Chuet sik san tau
45415,Gon chaai lit feng
45420,Chung on chi ma gun
45425,天堂口
45426,Pao zhi nu peng you
45429,Pau mui
45430,Gwai ma kwong seung kuk
45432,Tou shen gu zu
45435,大冒险家
45437,黑猫
45438,东京攻略
45391,Gau lung bing sat
45397,Ngo joh aan gin diy gwai
45408,The Protector
45417,钟无艳
45418,孤男寡女
45439,戏王之王
45442,花旗少林
45443,Hong tian huang jia jiang
45448,煎酿叁宝
45449,He yue qing ren
45450,皇家战士
45453,香港奇案之强奸
45440,卫斯理蓝血人
45447,皇家女将
45452,回魂夜
45454,急冻奇侠
45457,Jui oi nui yun kau muk kong
45459,Xin long zhong hu dou
45460,惊天12小时
45463,辣手回春
45464,Xing yuan
45470,流氓医生
45471,Yat luk che
45472,Sam dung
45475,野蛮密笈
45477,热血最强
45478,Sat yik gaai lui wong
45479,老夫子
45480,Youling renjian
45482,Shuang xiong
45484,玉观音
45487,算死草
45488,十二夜
45495,Yue doh laai yue ying hung
45496,瘦身
45473,有情饮水饱
45490,恋战冲绳
45491,Yu pu tuan zhi: Tou qing bao jian
45497,Sing gam do see
45501,森冤
45504,Sun jaat si mui
45505,Sing yuet tung wa
45506,Luen seung ngei dik chong
45508,Sun ying hong boon sik
45573,Skyline Cruisers
45646,"Leaving Me, Loving You"
45736,Shao Lin si
45815,飞虎雄心
45859,黄河绝恋
45863,Sun zat see ze
45889,Here Comes Fortune
45912,情癫大圣
45925,拳神
46114,三十六迷形拳
46122,成龙的传奇
46124,龙拳
46155,Sing si jin jang
46528,The Warrior's Way
46711,Cheung Gong 7 hou: Oi dei kau
46736,疯猴
46791,Tin seung yan gaan
46839,Hot Potato
46871,Eve and the Fire Horse
46962,Qi Tian Ai Shang Ni Year
47051,荒村公寓
47102,我爱你
47253,Pi li long quan
47423,纵横四海
45502,Luen ching go gup
45507,至尊无上
45509,摄氏32度
45682,Xun zhao Cheng Long
45871,枪火
45892,金钱帝国
47428,美丽新世界
47537,7 jin gong
47583,Shui shuo wo bu zai hu
47647,逃学威龙
47648,武状元苏乞儿
47694,风月
45935,海上花
45999,童年童年
46111,风雨双流星
46669,人间喜剧
47291,鸡同鸭讲
47293,Changhen Ge
47847,Jing Gai'er
47971,xXx: Return of Xander Cage
48294,Chu Ba
48297,Nan Shao Lin yu bei Shao Lin
48298,Hao xia zhuan
48299,Xin fei hu wai chuan
48300,独臂刀王
48301,少林搭棚大师
48773,Si wang ta
47854,Jing wu feng yun: Chen Zhen
48417,线人
48492,狄仁杰之通天帝国
48791,Prince of Jutland
48938,古惑仔2之猛龙过江
48943,98古惑仔之龙争虎斗
48968,Kei tung bou deui: Tung pou
49199,烈火战车２ 极速传说
49239,魔
49259,一个好爸爸
49260,Single Blog
49285,古惑仔激情篇洪兴大飞哥
49291,顺流逆流
49514,Te jing xin ren lei 2
48940,古惑仔之只手遮天
48942,97古惑仔之战无不胜
48944,胜者为王
48963,新古惑仔之少年激斗篇
49215,古惑仔情义篇之洪兴十三妹
49516,黑侠 II
49636,独臂拳王大破血滴子
49642,Nan bei zui quan
49706,维多利亚壹号
49906,Shen quan da zhan kuai qiang shou
49922,Whatever Happened to Harold Smith?
49967,Du bei chuan wang
50147,Nui ji za pai jun
50148,拍案惊奇
50151,Top Fighter
50152,Traces of a Dragon: Jackie Chan & His Lost Family
50154,Xi Zang xiao zi
50256,魔幻厨房:
50260,Wu ye li ren
50261,Mini
50319,喋血孤城
50569,Ma Yong Zhen
50571,霹雳十杰
49288,友情岁月之山鸡故事
49444,Kung Fu Panda 2
49677,游园惊梦
49982,悲情城市
50840,Peace Hotel
50936,战神传说
51011,Gui ma fei ren
51245,形影不离
51484,男人四十
51799,Color Me Love
50005,Wind Blast
50146,新精武门
50393,Kung Fu Panda Holiday
50507,Fei zhou he shang
50572,Xian si jue
51868,Shao Lin jiang shi
52324,百变星君
52384,Shen qiang shou yu zhi duo xing
52387,One Stone and Two Birds
52388,Resort Massacre
52391,Fai seung hung che
52695,Huang jia shi jie zhi III: Ci xiong da dao
52730,金鸡
50650,天水围的夜与雾
50693,Lung Fung Dim
51306,人在囧途
51533,让子弹飞 / Let the Bullets Fly
52854,Jiang tou
52882,醉侠苏乞儿
52947,雀圣
52970,伊贺忍法帖
52972,Ninja the Protector
53006,Tai yang zhi zi
53163,破坏之王
53275,Hong He
53282,My Name Is Fame
53653,监狱风云
53720,烈火战车
51730,鹿鼎记
51731,鹿鼎记 II : 神龙敎
51747,Ngok nam shi kin
51751,Fa fa ying king
51885,太阳照常升起
53807,Li Xiao Long
53839,Hing dai
53970,浑身是胆
53978,Che si shi si
54117,??
54178,独臂刀
52316,Wong Fei Hung ji sei: Wong je ji fung
52463,夜·上海
52768,得閒炒饭
52776,72家租客
53165,逃学威龙 II
54182,烂头何
54321,Mang quan gui shou
54324,唐伯虎点秋香2之四大才子
54328,海洋天堂
54421,麻将
54529,You xia er
54534,前度 EX
54549,Ji keung hei si 2011
53168,喜剧之王
53281,千王之王 2000
53658,赌侠 III 之上海滩赌圣
54233,独立时代
54842,Rage of the Tiger
54848,E hu kuang long
54851,Dragon Lee Vs. The 5 Brothers
54853,伏击
54857,She hao dan xin zhen jiu zhou
54859,猛男大贼胭脂虎
54861,Ma tou da jue dou
54864,Xiao lao hu
55042,The Dark Side of My Mind
55156,九品芝麻官之白面包靑天
55292,新少林寺
55741,Sacrifice
55750,Yan tsoi gong wu
56031,老鼠爱上猫
56095,鹰爪铁布衫
56124,神击大道
56238,Sheng hua te jing zhi sang shi ren wu
56277,Dong kai ji
56328,2002
55157,射鵰英雄传之东成西就
56118,龙的传人
56123,豪门夜宴
56251,监狱风云 II : 道犯
56540,非诚勿扰2
56550,Gam yee wai
56671,Ma ko Po lo
56712,想飞
57039,我爱夜来香
57040,黐线枕边人
57063,Long feng zei zhuo zei
57104,鬼咬鬼
57286,脂粉双雄
57395,海上传奇
57624,Shackleton
57754,红衣喇嘛
57822,Dong fung po
58255,Kung Phooey
58348,Jie dao sha ren
58358,Zhan shen tan
58361,Duo hun ling
58363,Waan ying dak gung
58366,Guang Dong liang zai yu
58368,Gong Fu Yong Chun
58369,The Road Less Traveled
58371,插翅虎
58412,Sai hak chin
56329,C+ jing taam
56563,Vampire Warriors
57100,Shuang tong
57661,赌神3之少年赌神
57663,睹侠
58414,龍在江湖
58452,旺角监狱
58825,Lao shu la gui
58838,知法犯法
58885,Kei tung bou deui - Ging lai
58888,Kei tung bou deui: Yan sing
57880,Ngo oi Heung Gong: Hoi sum man seoi
58311,Jin doi hou haap cyun
58365,Da Xiao Jiang Hu
58409,特警屠龙
58457,Huo shao hong lian si
58901,Kei tung bou deui: Fo pun
58953,AV
58954,Wu du tian luo
59402,螳螂
59405,Guangdong shi hu xing yi wu xi
59499,神奇侠侣
58570,再见阿郎
58679,刀见笑
58776,真心英雄
58882,Snow Flower and the Secret Fan
58889,Kei tung bou deui: Juet lou
59843,富贵列车
60060,The Shaolin Drunken Monk
60145,家有囍事
60231,Meng Bo
60280,雀圣2自摸天后
60415,Tie qi men
60568,Sam chong Siu Lam
60624,Dancing Without You
60788,Lover's Discourse
60802,Hau bei tim sum
60834,Fit Lover
60898,Liao zhai yan tan
59292,至尊无上II永霸天下
59444,2 Young
59967,Looper
60275,Tau chut
61039,Fo zhang luo han quan
61040,离别钧
61187,Siu nin a Fu
61268,Boon chui yan gaan
61468,He xing dao shou tang lang tui
61619,精装追女仔2004
61676,忘不了
61757,流氓英雄
62071,Xue di zi
62225,大丈夫2
62406,神偷谍影
62445,Oi ching baak min baau
62456,再说一次我爱你
62651,2004新紮师兄
62762,Long hu dou
62845,童梦奇缘
62960,太极拳
63031,Return of the Lucky Stars
60282,呖咕呖咕新年财
60785,出埃及记
61272,Fa tin hei si 2010
61477,周渔的火车
63032,五福星撞鬼
63033,Wan choi ng fuk sing
63439,Jie shi ying xiong
63444,Yao hun
63446,Moh din tiu lung
63458,日照重庆
63719,笑林小子2：新乌龙院
64015,秋天的童话
64083,97 ga yau hei si
64257,太极气功
64259,功夫小子
64273,大师
64289,Two Toothless Tigers
64300,怪兽学园
64302,神勇双响炮续集
64304,陆小凤之绣花大盗
64305,勇者无惧
64306,鬼画符
64307,龙虎会风云
64309,Ling qi bi ren
64311,Ying Wang
64314,Sheng si dou
64315,My Family
64348,女机械人
64360,洪拳与咏春
64363,Ci Ma
62976,我知女人心
62977,Guan yun chang
63030,最佳福星
63064,观音山
63416,决战刹马镇
64364,Xue fu men
64365,Qi xia wu yi zhi wu shu nao dong jing
64366,The Spirit of the Sword
64833,"Jackie Chan: Fast, Funny and Furious"
64885,Ying zi shen bian
64891,Yan niang
64895,Tough Beauty and the Sloppy Slop
64919,"Augustin, roi du kung-fu"
64987,大旗英雄传
64988,Ri jie
64989,圆月弯刀
64990,Yi tian tu long ji da jie ju
64992,Ren pi deng long
64993,白玉老虎
64996,孔雀王朝
64998,Bian cheng san xia
64999,黄飞鸿少林拳
65000,Fei yan jin dao
65091,香港也疯狂
65168,Cyber Café
65191,Manchu Boxer
65192,Wu hu jiang
63528,上海滩十三太保
63721,超级学校霸王
64316,赞先生与找钱华
64994,武馆
65193,倚天屠龙记
65207,Shi er jin pai
65415,Tai Hang shan shang
65649,老虎出更
65852,蔡李佛
66008,Big Brother Cheng
66009,Lip paau hang dung
66011,Huang jia da zei
66013,San shao ye de jian
66015,新天龙八部之天山童姥
66016,金玉良缘红楼梦
66019,Huo bing
66160,Can ku da ci sha
66161,绝代双骄
66163,Tian shi xing dong
66167,Bian fu chuan qi
64995,合家欢
65133,"Hi, Fidelity"
65194,八道楼子
65321,Bo Hao
65417,Yi sheng tan xi
65505,Drink-Drank-Drunk
66169,Legend Of Twin Dragons
66171,Yang guo yu xiao long nu
66173,Mahjong Heroes
66206,Jiang shi fan sheng
66208,毁灭号地车
66209,Perils of the Sentimental Swordsman
66210,Ming yue dao xue ye jian chou
66217,Shao Lin ying xiong bang
66657,逃学威龙 III 龙过鸡年
65652,Eternal Moment
66014,妖魔道
66018,醉拳III
66212,Zhi fa xian feng
66723,打雀英雄传
66726,Dancing Lion
66727,Bangzi laohu ji
66730,血酒天牢
66731,The Spy Dad
66752,Qing xia zhui feng jian
66756,Shaolin chuan ren
66758,Xiao shi yi lang
66759,Tian long ba bu
66974,天龙八将
66975,Tie shou wu qing
66977,Ching gung kai si luk
66980,Xiao du long
67003,通天小子红枪客
67021,Xiao nian Su Qi Er
67041,Chuet sai hiu B
67245,江湖最后一个大路
67335,Broken Oath
67337,Zhui hun biao
67339,Wu long tian shi zhao ji gui
67340,San chat bye mooi 2
67342,殭尸先生
67343,殭尸家族
67344,灵幻先生
66740,紫雨风暴
66754,Ten Brothers
67080,Sha ren zhe Tang Zhan
67097,Yat do king sing
67308,3D肉蒲团之极乐宝鑑
67345,殭尸叔叔
67346,驱魔警察
67347,Ren xia ren
67348,The Phantom Killer
67349,Guen see sin sang
67350,一眉道人
67414,Tiaohui
67622,兽性诱惑之赤裸性游戏
67791,Zhai Nan Zong Dong Yuan
67793,单身男女
68004,阮玲玉
68270,Scarred
68422,G4 te gong
68428,不扣钮的女孩
68559,降头
68590,Long zai jiang hu
68623,Baau lit ying ging
68742,Jing wu men xu ji
68799,慾女
68832,北京原人
68867,笑侠楚留香
68868,霸王花
68883,胭脂扣
68894,Shadow Magic
68942,Dung fong tuk ying
68981,诱僧
68989,Zhong hua wu shu
68996,Ultimate Fights from the Movies
69004,'94 du bi dao zhi qing
69011,妖兽都市
68507,???????
68721,Iron Man 3
68913,不夜城
69046,Xi Chu Ba Wang
69155,阴阳血滴子
69161,英雄无泪
69464,Shang Hai huang di zhi: Sui yue feng yun
69482,花飞满城春
69521,Shang Hai huang di zhi: Xiong ba tian xia
69538,功夫大师
69586,Crying Heart
69594,开心鬼撞鬼
69599,Sheng gang qi bing
69606,猛男滚死队
69845,钮扣人
69865,The Legend of Wisely
69957,Chang duan jiao zhi lian
70542,江湖龙虎斗
70697,Xin xian he shen zhen
70916,Liang Zhu
71359,Les nuits rouges du bourreau de jade
71518,长辈
71596,Shi da sha shou
71598,睡拳怪招
71927,Red Skies
71987,Yin yang dao
72222,老虎田鸡
72408,666魔鬼复活
69310,建党伟业
69619,B+ Jing Taam
69727,Final Justice
70057,武侠
70530,倩女幽魂
72435,Daai baan taat yat chaan
72445,投奔怒海
72680,The Curse of the Dragon
72681,Zhong yuan biao ju
72865,Our Big Sister
72896,Wan You Yin Li
72897,非常突然
72967,Hyn huet ching nin
73414,新精武门1991
73635,Virtual Recall
73652,Shen bu you ji
73664,大世界
73673,癫老正传
73748,Wu yi bian fu
73749,She diao ying xiong chuan
70573,最佳女婿
70614,Jacky Cheung Private Corner
72063,财神客栈
72074,Saat yan faan
72121,Tian Can Bian
73751,She diao ying xiong chuan xu ji
73752,Shen diao xia lu
73754,Ying xiong wu lei
73841,Ming jian
73884,麦兜故事
73897,Ying Han 2
74257,Wu lin sheng huo jin
74262,Qi men dun jia
74263,Jiang hu xing
74265,The Big Sting
74266,Dao bu liu ren
74268,Tao wang
74269,She diao ying xiong chuan san ji
74270,Cha chi nan fei
74272,Qi mian ren
74273,Yi mei dao gu
74274,Ye shou zhi tong
74287,义胆群英
74095,卧虎
72256,头七还魂夜
72502,不再让你孤单
72507,女人四十
72650,Bou ying
73417,Man hua wei long
73800,热浪球爱战
74639,窃听风云 2
74641,全球热恋
74887,玉蒲团之玉女心经
74888,Para Para Sakura
75181,神经侠侣
73873,Albert Nobbs
74100,半斤八两
74227,The Blood Bond
74258,Holy Weapon
74497,Nobody's Perfect
75197,济公
75256,黄飞鸿系列之一代师
75465,赌侠 1999
75519,Dao Ke Wai Zhuan
75520,血芙蓉
75569,Nan yang tang ren jie
75185,Du zi deng dai
75188,Sing kung chok tse sup yut tam
75338,Keung gaan 2 chai fook yau waak
75463,最爱
75678,Big Movie
75694,Tian shi xing dong II zhi huo feng jiao long
75696,御猫三戏锦毛鼠
75697,中华赌侠
75699,Du long tan
75701,四骑士
75704,Long zai Shaolin
75708,Jue sha ling
75812,画壁
75829,My Kung Fu 12 Kicks
75832,Cai li fa xiao zi
75835,Vampire Super
75837,Nan bei tui wang
75840,Saai sau kwong lung
75841,Qi sha
75842,Jiao tou fa wei
75843,Duo gwun
75844,Wu ming ying xiong
75845,Meng mian da xia
75983,Sun Ga Fat
76131,Five Golden Dragons
76275,20 30 40
76293,忠烈图
75464,肩上蝶
75677,Li Mi de caixiang
75700,Huang Fei Hong zhi nan er dang bao guo
75948,白蛇传说
76294,空山灵雨
76520,Liu Xiao Feng zhi jue zhan qian hou
76521,武状元铁桥三
76523,白莲邪神
76544,Man of Tai Chi
76612,The Fortune Buddies
77059,龙门秘指
77061,The Clones of Bruce Lee
77093,第601个电话
77132,春满丹麦
77487,赤裸红唇
77544,幸福额度
78027,同居蜜友
76163,The Expendables 2
76257,阿郎的故事
76337,Sammi Love Mi Concert 2009
76349,辛亥革命
76758,金陵十三钗
78031,Chat nin han yeung
78035,肥龙过江
78128,Miss Kicki
78149,"An Alan Smithee Film: Burn, Hollywood, Burn"
78194,Hak bak sam lam
78195,异度空间
79093,英雄好汉
79321,Wu yue zhi lian
79322,凶男寡女
79577,夏日恋神马
79865,初恋无限Touch
79871,蜜桃成熟时
76983,San lang qi an
77099,Mei Wan Mei Liao
77633,大腕
78022,Da wu sheng
78033,Sha shou hu die meng
79872,The Most Dangerous Man
79953,Xun cheng ma
80474,Boxer Rebellion
80477,Tian shi xing dong III mo nu mo ri
80479,Sisters In Law
80485,猛鬼入侵黑社会
80606,神勇飞虎霸王花
80640,Kujaku ?
80644,Axis of War: The First of August
80779,DragonBlade: The Legend of Lang
80794,Mie men can an zhi nie sha
81128,天若有情
81221,The Laser Man
81639,乘着光影旅行－李屏宾的摄影人生
81669,力王之黑色擂台
81709,上天救命
81750,英雄·喋血
81752,守望者: 罪恶迷途
81870,龙门飞甲
78166,铁甲无敌玛利亚
78172,喜爱夜蒲
78196,跳跳舞
78385,Xia Ri Nuan Yangyang
78428,聊斋艳谭续集五通神
81937,Dynamite Brothers
82061,Wind and Cloud: The Storm Riders
82161,Chow lok yuen
82190,杨门女将之军令如山
82952,庙街十二少
83277,The Missing Gun
83517,极速天使
83721,大魔术师
83876,Long xie shi san ying
83914,截拳鹰爪功
83960,南洋十大邪术
79064,手机
79279,甲方乙方
79434,A1 tou tiao
79992,Jian hu nu xia Qiu Jin
84275,李三脚威震地狱门
84369,Man On The Brink
84700,情人结
84702,And I Hate You So
84703,The Beauty Remains
84825,战·无双
85012,Mang gwai oi ching goo si
85014,天师撞邪
85020,黄面老虎
85258,Ninja: The Battalion
85259,盖世奇花
85502,Dung sing sai tsau 2011
80268,Tian di xuan men
81344,鸿门宴
83016,蜡笔小小生
83048,Treasure Hunt
83706,逆战
85532,Youling renjian II: Gui wei ren jian
85590,八星抱喜
85795,笑咏春
85877,蜜桃成熟时33D
86124,大太监
86275,Hei dian
86851,Ol' Dirty Kung Fu
87953,风儿踢踏踩
84819,杀手欧阳盆栽
85508,麦兜菠萝油王子
85874,Hoi sam mo fa
88046,铁金刚大破紫阳观
88048,楚留香
85878,星空
88141,壁虎
88159,臭头小子
88377,Robo Vampire
88381,Devil's Dynamite
88553,Shi jie da shai
88631,Hong quan xiao zi
88633,方世玉与洪熙官
88806,Chi dan qing
88889,瘦虎肥龙
88922,油鬼子
88945,亡命忍者
88978,Duan hun gu
89433,Chung fung dui liu feng gaai tau
89475,Diamond Ninja Force
89478,野战忍者
89483,Zhi zun shen tou
89749,Mr. & Mrs. Gambler
86409,高海拔之恋 II
86425,每当变幻时
87036,Liu xing hu die jian
89992,处女降
90003,Godfather’s Daughter
90018,龙形刁手金钟罩
90022,Bao biao
90071,铁掌旋风腿
90147,夺命金
90548,Da ci ke
90556,唐山五虎
90557,Zei zang
90562,出笼马骝
90565,Leu ci ke
90567,Zhong tai quan tan sheng si zhan
90772,Chi Ri Qi Cheng
90805,虎鹰
90934,香港奇案之吸血贵利王
90965,Xue mei gui
91007,Dou Sing 2 - Gai Tau Dou Sing
91286,China Dragon
91463,旺角揸Fit人
91759,Laughing Gor - Qian Zui Fan
91919,Gwang tin lung fu wui
92360,Lie mo zhe
92563,僱佣兵
92679,Chou Lian Huan
90283,Hello! Shu Xian Sheng
90808,重装警察
91186,桃姐
92710,Bo za
93412,金鸡2
92990,黄土地
93387,新上海滩
93502,八宝奇兵
93532,Mo Tai
93569,Qian mian mo nu
93754,Shatter
93898,Qin Mi Di Ren
94406,Zhui Ri
94676,Bian di lang yan
94753,The Four Invincibles
95728,Lian zhi feng jing
95731,Ye. leung heun
95955,The Tattoo Connection
95990,Di san lei da dou
96331,舞拳
96480,地下铁
96664,大追捕
93465,金玉满堂
93487,八星报喜
93582,买凶拍人
96952,Da Dao Wang Wu
96989,Operation Pink Squad II
96990,龙之争霸
97150,英雄本色
97412,Kera sakti
97520,海南鸡饭
97731,提防小手
97812,淫种
97876,绑架
98164,殭尸少爷
98171,Shao Lin yu ren zhe
98174,Da jiao long
98420,Tie tui jiang mo
98422,Long she xia ying
98984,Eat a Bowl of Tea
99576,Huang fei hong si da di zi
99580,Top Fighter 2
99582,亚洲警察之高压线
100943,琴剑恩仇
101024,2012 我爱HK  喜上加囍
95919,爱
101189,Tao da liang da xian shen wei
101334,最佳拍档之醉街拍档
101569,"???, ?????"
101920,三毛流浪记
102263,黑马王子
102468,Moh sun gip
102477,Ching fung dik sau
103535,Zhui ming qiang
103847,唐人街功夫小子
104194,10+10
104240,红粉兵团
104259,城巿特警
104262,狼女白魔
104272,Gou hun jiang tou
96144,Bao chou
96466,Qin Yong
96487,女人．本色
96686,我愿意
97430,The Man with the Iron Fists
98497,等待黎明
104287,第一类型危险
104313,Hai zi wang
104509,人鱼朵朵
104566,Shui ngai miu si
104582,Magic Warriors
104583,Child of Peach
104586,Xin shi er sheng xiao
104589,灵幻童子
104594,盘丝洞
104597,飞尸
104599,蛊
104606,神打
104624,红粉游侠
104639,Ren gui shen
104675,San tou mo wang
104680,鬼新娘
104681,Zhuang dao zheng
104683,The Spooky Family
104684,鬼整人
104686,Money Maker
104689,菩提幽魂
104811,Frankenstein's Wedding... Live in Leeds
104876,心魔
104961,我在监狱的日子
104969,替天行道之杀兄
105002,鬼屋小精灵
105010,脑魔
105014,猛鬼咒
105021,诸葛四郎大斗双假面
105482,Shao Lin zi di
105812,Qing lou shi er fang
105826,The Blue Jean Monster
105872,金粉游龙
105903,貂女
105910,Mong ming yuen yeung
105919,仇
105976,Tian shi te jing
98567,Chinese Zodiac
98570,双城计中计
101335,追男仔
102869,Ren shan ren hai
106423,红孩儿
106430,Ren hu lian
106444,The Ghost Informer
104171,Zai na he pan qing cao qing
106452,金尼姑
106463,Shy Spirit
106465,鬼媾人
106468,Zhong kui jia mei
106470,漫画奇侠
106472,精灵变
106473,My Neighbours are Phantoms
106517,监狱不设防
106640,Sha jue
106649,Ling hu
106651,金燕子
106652,Picture of a Nymph
106654,画皮之阴阳法王
106656,鬼打鬼之黄金道士
106660,Fei xiang guo he
106661,魔高一丈
106664,殭尸福星仔
106665,笑傲侠义黄大仙
106672,银姑
106703,灵幻新娘
106708,猛鬼迫人
106713,出土奇兵
106714,鬼娘子
106718,King of Snake
106719,Kung Fu Student
106720,妖怪都市
106778,Yu jian fu mo
107010,Yang chi
107242,Yu shi shang tong ju
107248,梁山伯与祝英台
107374,Ye jing hun
107475,Deadly Angels
107485,胭脂虎
107491,Xie zhou
107500,Yes Madam 5
107623,少林英雄
107682,Xin buliao qing
105001,Bing Feng : Chong Sheng Zhi Men
 　　某日，贺英奉皇帝之命前往天竺国押运相传可以预知未来的国宝\"时空金球\"。归来途中，却突遇龙、虎和獒这三个兄弟前来捉拿自己。原来朝廷重臣杜大人一家被人杀害，现场杀人证据一并指向贺英。众人正在争斗当中，地动山摇，巨大雪崩将四人淹没。  　　400年后，意外解冻的贺英来到了现代社会，并在万圣节的晚上偶遇醉意朦胧的都市女孩小美（黄圣依饰）。小美时尚靓丽，表面拜金，实则心地善良。在小美的帮助下，天资聪慧的贺英很快学会了适应了高科技的现代社会，同时，随着在生活中的相处与了解，贺英和小美感情也发生了微妙变化。  　　与此同时，虎、獒二人也相继从冰封中解冻，由于记忆还停留在400年前，二人开始不停追捕贺英，并在香港青马大桥激烈开战，就在贺英与虎、獒恶斗的同时，却遭遇神秘第三方发射的麻醉弹，贺英中枪昏迷坠海……",4.699999809
105680,春娇与志明
105825,Erotic Ghost Story III
106373,海滩的一天
107714,Bu yi shen xiang
107807,处女的诱惑
107824,The Psychopath
107827,Dreams of Eroticism
107828,Fei long zhan
107831,The Criminals
107834,搭错线
107840,Jin mao shi wang
107841,少年与少妇
107843,慾魔
107887,Huang Fei Hong
107891,Mai Fu
107893,毒女
107895,黑灵官
107897,Xia shi hang
107899,Huang jiang nu xia
107900,Yu luo cha
107903,珊珊
107905,San geng yuan
107906,The King with My Face
107910,铁扇公主
107911,The Warlord and the Actress
107912,新啼笑姻缘
108128,The Underground
108268,Ye mo xian sheng
108364,Shuai pi gui
108431,凶咒
108510,Du hou mi shi
108518,Nan quan bei tui dou jin hu
108811,San chuen lao see II: Sik ji ngoc gwai
108954,那山那人那狗
107972,Gwai ma seung sing
108665,Bui bun si mun
108962,Guai xia
109051,Du sheng wu ming xiao zi
109088,Fang Shih Yu yu Hu Hui Chien
109105,血海螳螂仇
109116,龙争虎斗精武魂
109142,"Jin shi pei yu, xiang gang qing ye"
109530,Hao qi hai si mao
109967,香港屠夫
110554,美好2012
111145,亚飞与亚基
111363,流氓差婆
112219,Pi li da la ba
112366,Kung Fu Mahjong 3: The Final Duel
112433,Dai lo bai sau
112434,Zhui nui zi 95: Zhi qi meng
112435,我要活下去
112437,Lang man feng bao
112438,Da san yuan
109987,群星会
110410,毒战
112516,Blood Stained Shoes
112587,The Godfather Squad
112594,摩登天师
111084,嫁个100分男人
112021,破事儿
112025,我们天上见
112649,Jat go zi tau di daan sang
112652,边缘岁月
113684,The Other Side of Gentleman
113687,Cupid One
114007,Ren she shu
114183,Chung on sut luk: Tuen Man sik mo
114980,The Iron Monkey
114983,强奸陷阱
115156,Gam chi yuk sip
115651,Shen dao
115652,Long men jin jian
115960,怪物
116265,Second Star to the Left
116348,Him Gok
117056,Yedian gui tan
117326,卫斯理之老猫
117522,PTU neui ging ji ngau yin haam jing
117557,Shadow of China
117659,Kurosawa: The Last Emperor
117711,Kung Fu Killer 2
118202,天涯海角
112700,万人斩
112929,学校风云
114464,杀生
118211,去年烟花特别多
118212,92黑玫瑰对黑玫瑰
118376,新难兄难弟
114739,Fu sing
115738,Million Dollar Crocodile
116154,Qing Cheng Zhi Lei
117506,车手
118379,色情男女
118381,安娜玛德莲娜
118385,赌城大亨之新哥传奇
118465,Hua jie kuang ben
118483,The Art of Action: Martial Arts in the Movies
118545,Chop Socky: Cinema Hong Kong
118984,33 Postcards
119174,川岛芳子
119336,Ban wo chuang tian ya
119337,Yam yeung choh
119339,Touch and Go
119340,Undeclared War
119342,The Suspect
119458,$upercapitalist
119626,Feng Kuang De Chun Zei
119865,手机凶灵
119944,Chuang wang li zi cheng
120713,Wu Dang
121154,Tumbledown
121303,巡捕房Tiger Over Wall
121367,癫螳螂
118416,War of the Under World
118438,甜言蜜语
121456,Lie ri kuang feng ye huo
121752,Zhixi
121985,洪门斗恶者
122611,姨妈的后现代生活
118442,十万火急
118613,Ben ming nian
122765,忠烈精武门
122880,Tai quan zhen jiu zhou
123886,Shi Er Xing Zuo Li Qi Shi Jian
123913,勇立忍者
124065,Sun boon gan bat leung
124326,掌门人
124471,画皮II
124670,Breakout From Oppression
124840,Jilao sishi
124870,邪
118865,Xuan hong
119892,西游记之大闹天宫
120143,四大名捕
120880,情谜
120884,Zui hung
125076,我爱厨房
125097,Kindergarten Ninja
125148,Xin za shi xiong zhu nu zi
125186,赌城大亨II之至尊无敌
125386,Fei zhou chao ren
125561,Nu xia mai ren tou
125708,江湖告急
125756,Man zhou ren
126498,Guo Shu Chi Duan
127205,Gui qing ni di hu
127231,Oi seun si sun leung
127329,Jue se wu qi
127461,麒麟掌
127583,美丽酒吧
127987,快活林
128280,Blood Money
128387,盗脑者
128393,Te jing 009
128420,Devil Eye
128486,唐人票客
128799,Love Lifting
128800,Qi hao cha guan
128949,Blood Money
128954,猎头
128987,Cha Wu Ci Ren
129181,爱奴新传
129468,乐翻天
129496,笔仙惊魂
129563,蝴蝶飞
121602,危险关系
121795,Caught In The Web
121823,太极
121878,Wang de Shengyan
130011,Wu zhuang yuan
130279,Shen long xiao hu chuang jiang hu
130473,唐人客
130532,Shao Lin jiang shi tian ji
130799,BMW Rhapsody
130922,光阴的故事
131069,Iron Road
131115,She qing gui
131148,Juet Sai Ho Bun
131859,太极八蛟
131975,Jiang hu san nu xia
132183,幸运一条龍
133234,A Master and His Student (Yongmunpagyejeja)
133844,Cui ming fu
134117,龙威山庄
134170,Hai yuan chi hao
134770,匹夫
122973,Fu rong zhen
123338,玉蒲团之官人我要
123797,Vulgaria
124157,???
135061,无敌幸运星
135230,冇警时份
135539,Miao tan shuang jiao
135549,大武士与小票客
135943,The Eagle's Killer
136084,Gaston en Leo in Hong Kong
136303,赤脚小子
136701,铜雀台
136936,DIVA华丽之后
126545,不见不散
127849,鎗王
128842,Bian jing feng yun
129070,听风者
129123,勾魂恶梦
129850,消失的子弹
136944,My Loving Trouble 7
136958,Demon 2 (Du Huo 2)
137386,麦兜．当当伴我心
137916,Heunggong dai 1 hung chak
138103,The Expendables 3
132169,新僵尸先生
132279,Yin shi nan nü - Hao yuan you hao jin
133578,"Who's the Man, Who's the Woman"
136942,影子爱人
138147,流浪汉世界杯
138448,平安夜
138528,Goeng si paa paa
138529,冷面狙击手
138530,Huo yun chuan qi
138567,Tiu chut san woo hoi
138592,Xue Call ji
138790,表姐，你好嘢！
138845,Zhi zhuan yi jian
138960,师兄撞鬼
139321,Da jue dou
139497,哗众取宠 2009
139499,越大镬越快乐
139500,Dayo Wong Stand-up Comedy 2006
140026,Commando Fury
140088,Fever
140985,Da se
141131,Mai ming xiao zi
141138,Jiao tou
141335,心跳一百
141337,求爱夜惊魂
141365,Bi gui wan
141388,Mo tu
141390,血中血
141460,Jian dong xiao xiong
141461,Bi xie jian
141469,Xiao ao jiang hu
141570,Chow tau yau liu
136943,Passion Island
137409,寒战
138060,愈快乐愈堕落
139162,White Deer Plain
139319,王朝的女人·杨贵妃
141577,惊天大贼王 Geng tin daai chaak wong
141888,Meng gui tong xiao pei zhu ni
142050,Sheng si xian
142141,Ji de... xiang jiao cheng shu shi II: Chu lian qing ren
142300,魔翡翠
142387,鳄潭群英会
142401,Passionate Killing in the Dream
142451,阿金
142696,Sous le nom de Melville
143156,Xia nu chuan qi
143292,刀剑笑
139329,一九四二
140300,Kung Fu Panda 3
143479,上海之夜
143627,害时出世
143855,屯门色魔
143865,冷眼杀机
144429,圣诞奇遇结良缘
141941,The Lion Roars 2
143217,Meng gui cha guan
143500,舢舨92之爱的出航
144610,妙探双龙
144634,Jiang shi zhi zun
144641,Nu Zei
144841,Kuang qing sha shou
144934,Ah Sou
145068,张保仔
145228,Eternal Fist
145308,Inferno: The Making of 'The Expendables'
145701,The Longest Bridge
145920,Lie ren
145954,The Monkey King: Uproar in Heaven
145996,鬼同你有缘之阴尸路
146116,行运超人
146300,Xi ya tu da tu sha
146302,Yellow Rain
146312,聊斋志异之鬼话狐
146368,Nue zhi lian
146530,独臂拳王勇战楚门九子
146109,If I Were You
146840,游侠情
147247,Bei po
147399,Daehyeongchuldo
147400,Xue yu
147404,江湖奇侠
147407,十大弟子
147413,断肠剑
147423,Gou hun zhen duo ming quan
147498,我在黑社会的日子
147755,An le zhan chang
147839,She mao ho hun hsing
147294,男人如衣服
147590,杀妻二人组
147942,Huang Fei-Hong zhi gui jiao qi
147950,精装追女仔
148380,咖喱辣椒
148667,Message from Nam
148753,常在我心
149010,七月十三之龙婆
149464,Golden Needles
149640,Shi po tian jian
150230,Kill 'em All
151240,Qiu ai gan si dui
151850,Guangdong tie qiao san
151897,最佳损友闯情关
149085,Tai Chi Hero
151988,Xin leng xue shi san ying
152041,Yeh boon mo yan see yue si
152201,生日快乐
152251,Liu zhi qin mo
152291,精装追女仔II
149961,To ching chien ko wu ching chien
150234,Qi Xiao Luo Han
151743,人再囧途之泰囧
152298,最佳损友
152421,Da Lui Toi
152442,Li Xiao Long Chuan Qi
152540,鬼流星
152954,Sip si ling dou - cheun gwong tsa sit
153145,Xiao za zhong
153268,Duo she
153270,Duo ming jia ren
153295,邪完再邪
153353,蛮荒的童话
153358,李小龙与我
153618,鬼迷心窍
153847,快拳怪招
153983,Cai guo jie huang jin bu dui
153990,狱中龙
154114,Li Xiao Long di Sheng yu si
154115,Di shi pan guan
154261,初到贵境
154299,Chu Lai Yip yi Leung San Pak
154353,富贵逼人
154357,富贵再逼人
154359,富贵再三逼人
152257,龙凤茶楼
152284,精装追女仔之3狼之一族
154435,Te jing ji xian feng
154529,开心鬼放暑假
152465,Di zi ye feng kuang
154304,Chun tian hua hua tong xue hui
154524,开心鬼
154531,开心鬼救开心鬼
154694,Luan shi er nu
154736,Lung gam wai yi dzi wang mo leung leung
154989,Qi xiao fu
155082,Huo bao lang zi
155114,Dei ha ching
155158,Duo ming jin jian
155349,冷刀染红英雄血
155371,Sam hon
155387,Ching yi sam
155393,Mai qi Mankedun
155394,铁血骑警
154535,开心鬼上错身
155397,Xing mu zi gu huo zhao
155398,Leng mian hu
155551,Du bi shuang xiong
155888,Les Jeux des nuages et de la pluie
155897,Tian cai yu bai chi
156007,飞刀手
156054,Fei hu wai zhuan
156076,Xiao sha xing
156077,财叔之横扫千军
156120,Yu tang chun
156232,Feng lei mo jing
156308,Gung hoi keung gaan fung
156422,Wan jian chuan xin
156962,死亡网络
157200,大丈夫日记
157202,Yue hei feng gao
157222,空中小姐
157229,烈火青春
157233,Long Ya Jian
157243,Dong fu ren
157252,英雄本色
157389,女忍者
157421,Gui Yu
157575,Mo dai huang hou
157887,最佳贼拍档
158251,黑白道
159185,Pao Da Shuang Deng
159228,Han fei
159400,Tai fong lo chin
159597,A Xiu Luo
154732,Lung gam wai 2003
155508,Wo yao zuo model
156045,凶榜
159818,十二生南
159862,就是溜溜的她
160182,一本漫画天涯
156070,O记三合会档案
156201,Gun gun hong chen
160262,黑道风云之收数王
156643,Da Shang Hai
157239,阿虎
160271,旺角风云
160309,Johnnie Got His Gun!
160342,Mou mei san taam
160354,超时空要爱
160365,醉生梦死之湾仔之虎
160473,Ngaak ngo che sei
160476,Yeung gwong ging chaat
160703,Bi gui zhuo
160722,Dai sei hei
160750,Yan yuk wan gui
160806,Hong deng qu
160657,Yuen mei ching yan
160700,Ngor lo paw hai dou sing
160733,六楼后座2 家属谢礼
160964,Cheng Zhai chu lai zhe
160967,An qu
160968,Dan cheng lu
160969,Dian feng kuang long
160971,不夜天
161017,茅山殭尸拳
161295,Ba wang nu fu xing
161351,戚继光
161469,白马素车勾魂幡
161489,疯狂粉丝王
161604,浪漫杀手自由人
161611,红场飞龙
162455,火种
162568,Natural Born Lovers
163265,Fei yue wei qiang
163483,Bewitched Area of Thousand Years
163607,连体
163622,Gui Yan
163677,Piao Liang Ma Ma
164086,海市蜃楼
164427,Shen Sheng Yi
164433,Lian cheng jue
164439,Jiang hu han zi
160741,记得……香蕉成熟时
161285,阳光灿烂的日子
161327,Goo waat zai: Gong woo sun dit jui
162841,香魂女
162904,3分钟先生
164755,Spike Drink Gang
165021,Yu mian hu
165548,Long hu Bo Lan ji
165667,我老婆唔够秤II：我老公唔生性
165790,Cinema of Vengeance
165954,Yi ge mo sheng nu ren de lai xin
166164,Cinema Hong Kong: Wu Xia
166165,Cinema Hong Kong: The Beauties of the Shaw Studio
167091,午夜出租车
167449,Xue di zi
167620,Bruce Lee and Kung Fu Mania
167622,Fist to Fist
167675,The Path of the Dragon
167679,The Life of Bruce Lee
167688,The Unbeatable Bruce Lee
168763,Working Class
166862,Concert YY 黄伟文作品展
168809,撞邪先生
169163,Kui moh do jeung
169258,千言万语
169483,西门町
169499,Gwei tai jian
169809,Feng Fei Fei
168094,百星酒店
168739,在一起
168814,Will You Still Love Me Tomorrow?
170319,Wu Ting
170374,Meng hu dou kuang long
170379,钱王、拳王
170804,老虎出更2
170805,东方老虎
170806,Fury in Red
170809,皇家师姐之中间人
170810,Di xia bing gong chang
170812,Hai lang
170814,Hong fen zhi zun
170981,今夜星光灿烂
171203,Keung gaan 3: Ol yau waak
171400,Jin yin chou
171549,Ah ma yau nan
171816,倾城之恋
172239,独行大镖客
172607,新阿里巴巴
172615,皇家飞凤
172619,女校风云之邪教入侵
172627,Xian fa zhi ren
172642,Ling Ye
172645,城市判官
172649,何日君再来
172660,Di 8 dian
172661,Mi zong wei long
172664,Bet on Fire
170657,西游降魔篇
172667,绝桥智多星
172669,一咬OK
172672,Bitter Taste of Blood
172698,Bless This House
172700,Princess Madam
172726,血裸祭
172735,Meng gui zhuang gui
172738,寒夜青灯
172740,黑海霸王花
171268,棋王
171704,Ying yang lu
172743,Bullet for Hire
172744,火烛鬼
172745,Wei Si Li zhi ba wang xie jia
172752,与鸭共舞
172760,Dak kui oi no
172766,义本无言
172773,疯血
172777,专钓大鳄
172780,毒咒
172788,Deadly Dream Woman
172794,惊魂记
172800,千年女妖
172806,艳鬼凶灵
172928,殭尸医生
172937,梦中人
172940,梦醒血未停
172947,一脱求生
172959,夜激情
172968,猛鬼山坟
172969,凶猫
172980,Fatal Chase
172985,杀之恋
172992,Fatal Passion
173001,Final Run
173008,最后一战
173015,Lim jing dai yat gik
173017,第一茧
173018,茅山学堂
173027,哗鬼旅行团
173034,Gan yan gwai
173038,Fun and Fury
173042,洪福齐天
173043,义胆雄心
172782,Yu long gong wu
172786,东瀛游侠 武林圣斗士
172972,摩登如来神掌
173105,Ghost Ballroom
173106,Leng xie tu fu
173109,Zhuo gui zhuan men dian
173113,古镜幽魂
173116,Yang gui
173118,Ghost of the Fox
173123,天师捉奸
173124,Ghosts Galore
173133,公子多情
173137,Tian luo di wang
173255,高考1977
173518,The Legendary Heroes
173653,望夫成龙
173774,Xiang jiang hua yue ye
173776,饿狼谷
173803,Dut hiu yuet yuen
173901,Ladies First
173947,不了情
174108,Shen yong shuang xiang pao
174127,天若有情III烽火佳人
174755,Luo xie
174765,绝代双骄
175274,Silver Dragon Ninja
175810,小云雀
175821,霸道纵构
175843,怒剑狂刀
175906,1:99 电影行动
175961,Chocolate Inspector
176023,龙之家族
176217,似水流年
176219,疯劫
176325,破晓时分
176654,再见阿郎
176665,心兰的故事
176672,蓝与黑
176875,飞越黄昏
177014,Dragons of the Orient
177351,The Year of Jacky Cheung: World Tour 07
177396,Yun ni
177499,笑功震武林
178121,销魂玉
178674,阴阳爱
178753,十三太保李存孝
179268,Zhong Hua jing hua
179461,Xin bi xue jian
179631,Mo jian xia qing
179890,猎人
179940,The Killer's Love
179944,Circus Kids
179995,Hong yun dang tou
180465,金蚕降
180532,The Singing Thief
175348,Hoi seung fa
180755,Stone Age Warriors
180896,True Colours
180897,Rock N' Roll Cop
180903,Protege de la Rose Noire
181110,Shen Qiang Shou yu Ga Li Ji
181308,Mei gui wo ai ni
181633,人民英雄
181648,来如风
181735,不脱袜的人
176629,七十二家房客
181009,忠烈杨家将
181051,2013我爱HK恭囍发财
181738,The Haunted Cop Shop II
181751,捕风汉子
181757,义盖云天
181870,Ren xia gui
181874,好彩撞到你
181888,同床2梦
181897,神探父子兵
181906,烈火街头
182012,The Big Brother
182030,火烧红莲寺之鸳鸯剑侠
182227,爱杀
182232,法内情
182314,The Most Wanted
182327,至尊特警
182335,龙行四海
182432,踢到宝
182769,Office有鬼
182820,Yang ± Yin: Gender in Chinese Cinema
182878,冰天侠女
182886,Hong Kong 97
183048,Chung gik yan je
182127,Yip Man: The Final Fight
183159,沙滩仔与周师奶
183540,Wu lin feng yun
183783,Wen Suchen
183846,吉星拱照
183849,Ngoi di sai gaai
183983,Steve Coogan: The Inside Story
182311,省港旗兵第三集
184068,An Amorous Woman of the Tang Dynasty
184173,Ti guan
184990,七年之痒
185004,碧水寒山夺命金
185162,Possessed
185309,Twinkle Twinkle Little Star
185432,梦差人
185832,Sheng dan kuai le
185885,拳击
186022,Ba wang quan
186302,Suo Ming
186346,离魂
186391,猛鬼食人胎
186412,南洋第一邪降
186518,铁胆雄风
186525,Rich Man
186568,Spiritually a Cop
186693,Every Man for Himself
186695,Ching tieh
186699,Disco Bumpkins
186703,Emperor Chien Lung and the Beauty
186712,佛跳墙
186727,醒目仔
186874,Gambler's Delight
186877,Murderer Pursues
186881,龙虎少爷
186882,Shu Jian en chou lu
186890,Notorious Eight
186892,Family of Lust
186893,辛亥双十
186896,Wu Song
186899,Destiny's Champion
186901,Winner Takes All
186903,Yin ji
186907,柠檬可乐
186910,"Rolls, Rolls, I Love You"
186914,Bong Ju
186917,Passing Flickers
186920,Mo jie
186923,Man Crazy
186924,The Emperor and the Minister
186926,Xiao zi you zhong
186927,Shen tong shu yu xiao ba wang
186930,疯狂83
186941,"Take Care, Your Majesty"
186944,The Little Cute Fellow
186958,Ya zhou mi mi jing tan
187003,青蛙王子
187004,Wo ai shen xian zhe
187005,南斗官三斗北少爷
187013,Pale Passion
187014,Misfire
187015,望子成虫
187018,How to Choose a Royal Bride
187020,San dung whang yan
187021,My Name Ain't Suzie
187024,Wives and Lovers
187030,Love with the Perfect Stranger
187033,Women
187034,Girl with the Diamond Slipper
187036,I Love Lolanto
187040,Carry on Doctors and Nurses
187046,Xian dai hao fang nu
187050,Shadow Girl
187052,一池春水
187172,The Younger Generation
187176,Gui Men Guan
187178,My Son
187179,Hai Wai Qing Ge
187182,A Time for Love
187187,Apartment for Ladies
187336,The Drinking Knight
187351,爱情大拍卖
186940,男与女
187022,天注定
187364,香港过客
187369,林冲夜奔
187378,E ke
187382,The Casino
187386,Let's Go to Bed
187387,Luo ye fei dao
187392,Qun ying hui
187397,Shao nai nai de si wa
187401,Ye Ban Ge Sheng
187403,亡命徒
187406,Pi Li Quan
187408,一乐也
187419,Illicit Desire
187422,Dao bing fu
187432,Facets of Love
187433,Pan ni
187439,Da hai dao
187440,Mei shan shou qi guai
187447,Crash! Che botte... strippo strappo stroppio
187464,哪咤
187466,成记茶楼
187473,E hu cun
187488,Gossip Street
187490,Huang Fei Hong yi qu Ding Cai Pao
187491,阿牛入城记
187496,Friends
187498,Sinful Confession
187500,Tian wang
187652,捉奸趣事
187659,Biao qi fei yang
187674,E ba
187682,Nu bu kuai
187686,Di shi da lao
187689,古之色狼
187692,新啼笑姻缘
187705,恶爷
187707,Jin shou zhi
187709,Da da xiao yi jia chun
187721,A Bride's Nightmare
187723,One Heart One Spirit
187724,Mobfix Patrol
187727,Gong fen dong jiang hu
187738,Godfather from Canton
187470,丑闻
187739,Bat sap yee ga fong hak
187748,36 Secrets of Courtship
187751,鹿鼎记
187752,Fast Fingers
187756,Hong Kong Playboys
187758,Let's Make Laugh
187760,Family Light Affair
187762,Maybe It's Love
187764,Let's Make Laugh II
187766,"My Mind, Your Body"
187768,Puppy Love
187883,Sha Ji
187891,爱情的代价
187897,双侠
187901,大军阀
187902,The Yellow Muffler
187996,五雷轰顶
188115,红色恋人
188183,Bei Jing yu shang Xi Ya Tu
188982,机Boy小子之真假威龙
189142,撢武门
189168,决斗者的生命
190423,猛鬼狐狸精
190790,Ho kong fung wan
190793,古惑女之决战江湖
190794,Zhi fu you huo er di xia fa ting
191463,Wan Zhu
191531,山中传奇
191561,Da nei mi tan zhi ling ling xing xing
191563,杀手的童话
188813,人肉叉烧包II天诛地灭
190527,花漾
191324,赌覇
191441,Xiao tou a xing
191504,飞虎
192177,Fingers on Trigger
192199,The Owl vs Bumbo
192226,Zui hou nu
192239,龙腾四海
192257,Challenge of the Gamesters
192825,Mama
192871,迎春阁之风波
192881,Guang Zhou sha ren wang zhi ren pi ri ji
192933,黄金喋血
193228,冷月孤星针无情
194200,Guang Dong shi hu
194429,七侠五义
194646,花月佳期
195720,第一次的亲密接触
195748,雪在烧
196854,Chun nuan hua kai
197055,追龙
197167,Hung bou yit sin ji Dai tao gwai ying
197245,Gui jiao chun
197338,Hei Ying
197427,Liang shan guai zhao
197456,'92霸王花与霸王花
197586,Betrayal
197809,9413
198075,Biao ge dao
198157,Dao jian
192888,盲女72小时
193551,惊变
194523,盲探
195300,厨子戏子痞子
198303,Ru xia
198309,神剑震江湖
198458,女衒
198526,神算
198536,Huan le ding dong
198548,Tie ban shao
198549,Mai shen qi
198690,Ling huan xiao jie
198945,Nu xia hei hu die
199296,Si Qiu
196325,中国合伙人
196385,天机：富春山居图
196420,圣诞玫瑰
199542,Da yue bing
199635,玉面飞狐
199638,Hong la jiao
199792,Hu dan
199796,十二金钱镖
199891,越来越好之村晚
200038,山水有相逢
200170,"Tian ling ling, di ling ling"
200284,Bu ze shou duan
200458,Mao tou ying
201099,Mou mian bei
201347,Ba wan zui ren
201358,宝莲灯
201531,差人·大佬·博命仔
201706,Chinese Heroes
201905,Andy Lau Wonderful World Concert Tour Hong Kong 2007
201919,Alan Tam & Hacken Lee Live Concert 2003
202179,大劫案
202182,Dian dan che
202186,钓金龟
202220,不二神探
202463,Alan Tam & Hacken Lee 2004 Live
202471,Andy Lau Unforgettable Concert 2010
202514,Qing chun ji
202515,Yi ge he ba ge
202516,暗恋桃花源
202598,肝胆相照
202978,拆弹专家宝贝炸弹
203152,Liang zhi lao hu
203476,女王蜂
203503,Huo bao xing dong
203509,Thundering Ninja
203530,泪王子
203598,凤还巢
203803,She xing zui bu
203916,神偷燕子李三
203996,甜.秘密
204202,Bo ming
204315,Zi yue shi si xing ye
204932,Yao ye hui lang
205458,蒂蒂日记
205464,少年吔，安啦！
205708,Ha Luo Ye Gui Ren
205796,为你锺情
206047,Qing mi da hua wang
206051,Kun shou
206302,Ye lin chun lian
206443,沙胆英
206446,Ma fung gwai kuen
206450,Mu wu wang fa
206452,Hou sheng
206453,大罗剑侠
206455,Wu da han
206592,Hai jun tu ji dui
204553,????
204819,Dou hap ji yan ding sing tin
205575,Conspirators
206260,天台
206600,蝴蝶杯
206605,Hua tian cuo
206624,云水谣
206664,Ngo ga yau yat chek hiu dung see
206697,Jiang Nan ba da xia
206796,Heshang Aiqing
207340,Fei hu jing ying zhi ren jian you qing
208543,Lei ting chu chuan
209519,Zhi zai chu wei
209520,Jian ren ben se
210111,Chor lun yau lei chi ngor oi yee ka yan
210333,Sat chut sai ying poon
210340,兄弟
210349,虎度门
210757,青龙客栈
210778,Cop Shop Babes
211126,黑名单
211207,早安台北
211425,Hak Moi Gwai Yee Git Gam Lan
211513,Qian mian tian wang
212240,三五成群
212273,一胆二力三功夫
212372,我和春天有个约会
212375,飞虎雄心
212781,Dian zhi bing bing
212976,Bu wen nu xue tang
207052,??? ?
208210,赌侠大战拉斯维加斯
208621,李碧华鬼魅系列: 迷离夜
210335,火烧圆明园
210498,飞虎出征
212992,抢钱夫妻
212995,婚姻勿语
213001,爱在别乡的季节
213015,激战
213163,八两金
213167,童党
213169,火龙
213360,Assassin Swordsman
213478,狂舞派
213608,红伶泪
213982,Born To Love You
210911,殭尸
211866,Wu hu jiang zhi jue lie (Jin pai wu hu jiang)
212378,风尘三侠
212996,五亿探长雷洛传：雷老虎
214189,花城
214191,说谎的女人
214194,Huo tou fu xing
214197,Fau sai luen kuk
214378,Sei yan bong ji chin lut gau sai
214415,Xian yu fan sheng
214712,Ninja Holocaust
214989,漫画风云
215984,初缠恋后的二人世界
216008,Sheng Huo Xiu
216100,Zhen jia gong fu
216682,伦文叙老点柳先开
217075,金三角
217631,天若有情Ⅱ之天长地久
217960,靓女差馆
217985,Jui hung 20 nin
218801,壮士断臂
219187,Guo bu xin lang
219188,神探马如龙
220579,Yau yen fan jiu
220584,爱君如梦
220585,爱杀2000
220587,"Flying Dragon, Leaping Tiger"
220594,少林真功夫
220724,天地雄心
220885,人皮灯笼
220887,旺角的天空
221014,功夫无敌
221043,糊涂大醉侠
213646,Dang bu zhu de feng qing
217923,狄仁杰之神都龙王
218697,人间蒸发
219572,警察故事2013
220488,非常幸运
221059,十八玉罗汉
221062,上海滩大亨
221076,白蛇传
221077,The Last Woman of Shang
221108,第一次不是你
221453,这个阿爸真爆炸
221457,情陷百乐门
221460,墨斗先生
221461,正牌韦小宝之奉旨沟女
221536,Saang gong kei bing II
220655,Kong bu ji
221314,结婚那件事
221463,水浒传之英雄本色
221912,Keung Gaan Chung Gik Pin Ji Chui Hau Giu Cheung
221913,Qiángjian 5 zhi guanggào yòuhuò
222245,Ying han
222303,火烧岛之横行霸道
222832,李碧华鬼魅系列：奇幻夜
223538,我的麻烦老友
223878,Cold War
224129,落花时节
224132,Gao bie zi jin cheng
224634,Kung Fu Killers
225190,Jiao wo ru he bu xiang ta
225262,杂家高手
226068,青春儿女
227329,甜丝丝
227733,To the Death
228048,阿婴
228269,冷血人狼
228769,绝种好男人
228935,Another Chinese Cop
229144,Jing xin dong po
229156,阴阳界
230236,Daihao meizhoubao
222216,特殊身份
230674,Heung Gong gaan saat kei ngon
223596,Qing chun wan sui
223661,刑警本色
225877,Quan min mu ji
228856,City Monkey
229303,沟女不离3兄弟
230826,Lao biao ni hao ye!
230832,Mo deng ya men
230839,再战江湖
230904,荡妇冤魂
230944,七七敢死队
231017,Boh ngau
231047,Dian ma ling hou
231173,Sei dai tinwong
231743,Kong Shou Ru Bai Ren
231995,Luen oi chor gor
232268,Spirits Of Bruce Lee
232272,Tou qing ke
232569,Xi tai hou
232574,Shen jing dao
232595,Zui ba xian quan
232604,Jin hu men
232606,Tong tian lao hu
232644,Xi du zhe
232663,小英雄大闹唐人街
232678,边城浪子
233203,Hong Kong Criminal Archives - Female Butcher
233308,个烂赌的传说
233314,行规
233361,Master Mok-ryun (Solimsa Mokryeondosa)
233429,飞越老人院
235191,八百壮士
236329,Something good
237403,Wu long jiao yi
237708,表姐，妳好嘢！３ 大人驾到
239028,Black Butterfly
230152,过界男女
233112,扫毒
234227,省港旗兵第四集地下通道
237696,邮差
239075,神经大侠
239261,花样百出
239801,无法无天飞车党
239914,鬼马智多星
240089,Lian ai da ying jia
240323,????
240874,回马枪
241194,街坊差人
241758,神勇女煞星
241761,夜奔
241957,黑风客栈
242163,钱王、拳王
242612,一个复杂故事
243439,Eine Liebe im Zeichen des Drachen
243495,当C遇上G7
244188,宫锁沉香
244495,Yin yao hao qing
244971,大明劫
245592,Tie wa
246205,控制
246510,Ban ye xiao zi
246708,She Shen Ji
246926,Bruce and Shaolin Kung Fu
246942,白狐
247236,喜爱夜蒲 3
247999,黑狱断肠歌之砌生猪肉
248212,Lilting
240106,冲锋战警
240477,江湖情
241375,光辉岁月
243919,Si Ren Ding Zhi
244114,风暴
249842,1/3 qing ren
250049,Kong woo ji dai
250482,九二神鵰之癡心情长剑
250513,猪扒大联盟
250638,Qi yuan
250642,Xin bian yuan ren
250781,Magkasangga 2000
250937,No foh wai lung
250938,Sun Tong San Tai Hing
250946,日本版
251399,年轻人
251531,Jiu wen long
251777,Jing cha
252041,Miao jie shi san mei
252220,Kei bing
252319,Tian xia di yi
252864,云雨生死恋
253278,霸王花之皇家赌船
253400,Zhui hun san
253604,Zheng gu wang
253642,Shanghai Red
253848,抹茶之恋味
254124,Heisser Hafen Hongkong
254250,小生怕怕
254280,Yan nu huan hun
254526,那夜凌晨，我坐上了旺角开往大埔的红VAN
244226,Saving Mother Robot
246409,Baby Blues
247954,救火英雄
248360,大咸湿
248376,E zhan
254580,Yong chuang tian xia
254585,Tai Chi Warriors
254765,Dead End
255218,Biho sangjaeng
255242,风起云湧斗狂龙
255245,鬼马大侠
255418,一场风花雪月的事
255526,Wo Shi Ni Baba
255592,Jian
255599,一夫当关
255602,Gui men tai ji
255612,Zhong yi men
250809,风雨同路
251749,4 ??????????? 2
252168,赌城风云 / From Vegas to Macau
252505,Hei bao tian xia
253450,刺客聂隐娘
255622,惊天动地
255624,风铃中的刀声
255691,The Foliage
255756,白日焰火
255768,女儿谷
255775,爱情麻辣烫
253622,魔警 / That Demon Within
254003,金鸡SSS
254672,金刚王
255279,六福喜事
255302,北京爱情故事
255779,花眼
255782,我和爸爸
255786,梦醒时分
255787,西太后
255803,特别手术室
255817,新同居时代
255825,流星语
255856,流金岁月
255858,意乱情迷
255860,玫瑰的故事
255864,我爱太空人
255866,中国最后一个太监
255951,最爱
255956,哺乳期的女人
255961,我心飞翔
255963,暖
255976,Ren zai Niu Yue
255977,You shi tiaowu
256069,Yes! 一族
256071,Woo Yuet dik goo si
256072,Ji dao zhui zong
256074,Shanghai jiaqi
256076,慌心假期
255823,大太监李莲英
255863,自梳
256068,Pan Jin Lian zhi qian shi jin sheng
256077,Seung sing gusi
256078,Yi jian zhong qing
256082,豪情
256083,飞一般爱情小说
256085,Guai tan xie hui
256086,4面夏娃
256087,Cuo ai
256088,Sam yuen yi ma
256096,Viva Blackpool
256106,推拿
256135,在一起
256807,情义我心知
256834,Mission Thunderbolt
257147,无涯：杜琪峯的电影世界
257501,Shaolin vs. Vampire
257881,如来神掌(上集)
258043,星星点灯
258098,Tong tian da dao
258334,走到底
258437,刺客
258477,晚钟
258612,Yue Guang Shao Nian
258779,蝴蝶的微笑
258814,小百无禁忌
259079,Soursweet
259247,神奇
259326,La jiao jiao shi
259463,wkw/tk/1996@7'55''hk.net
259469,Chen mo de gu niang
259943,归来
257572,卡拉是条狗
257642,香港仔
257648,白发魔女传之明月天国
258424,高山下的花环
259565,听见下雨的声音
259947,入册
259949,Dou shi sha xing
260066,"Kurosawa, la voie"
260334,Nu zi jian yu
260342,黑色喜剧
260419,Lie ri nu wa zi
260732,Za ma
261123,Wong ga fan
261124,Ting bat do dik suet wa
261126,Sha chu Xiang Gang
261128,Nam jeng bin yuen
261130,Ngoh yiu to mong
261132,猎鹰计划
261133,同根生
261149,沉底鳄
261151,Joi hei fung wan
261152,情义我心知
261159,飙城
261161,Peng dang
261164,血在风上
261166,地头龙
261168,Wu ming jia zu
261173,喋血风云
261180,Lan se pi li hou
261181,冲击天子门生
261183,Ying lun yuet jin
261185,雷霆扫穴
261186,Yue qing
261189,Hei xue
261190,Shi bu wang qing
261191,Sing je wai wong
261193,Si da tan zhang
261195,蠍子
261196,Ming yue zhao jian dong
261198,Hu xue tu long zhi hong tian xian jing
261200,蠍子之灭杀行动
261237,Tai Zi chuan shuo
261239,狭路英豪
261241,Xin da xiao bu liang
261258,Yi wang da shu
261284,Hai jiao wei qing
261285,Fai seung ching taam
261288,天与地
260579,临终囧事
261242,Zhong ji lie sha
261290,公仆II
261291,Cuo ti zhui ji zu he
261292,燃情男狙击
261293,Wo shi yi ge zei
261294,Zhen han xing chou wen
261427,山村老尸
261469,黑夜怪客
261472,Xiang Gang qi an 2: Xiong sha
261474,老爷车纵火谋杀案
261475,香港奇案之四《庙街皇后》
261478,香港奇案之五《奸魔》
261482,手扣
261487,救世者
261495,Xue xi Tang Ren Jie
261496,贼性
261498,Gung buk
261499,Wu ming huo
261502,流氓公仆
261503,Hui ba! Ja 'fit' yan bing tuen
261504,全职大盗
261505,Tse bing
261507,天行者
261976,Shen tan Power zhi wen mi zhui xiong
262137,窃听风云 3
262756,Ma qiao fei long
263132,3D 豪情
263171,Ri guang xia gu
263236,Gui tu
263250,诡镇
263341,"Crouching Tiger, Hidden Dragon: Sword of Destiny"
264539,Fist of Fury - Sworn Revenge
264579,梁婆婆重出江湖
264582,Feel 100%
264583,Feel 100% ... Once More
264718,Zu Zhou
265310,旗鱼
265710,Zhong yi qun ying
265733,Ａ面Ｂ面
265895,Zui she xiao zi
266163,色降II之血玫瑰
266681,红河谷
266874,Hao xiao zi di er ji
267605,Woo Fook
267971,美丽的错误
268288,追爱
269520,中国功夫少女组
269651,雍正命丧少林门
269732,"Yue liang, xing xing, tai yang"
269733,相见好
269736,危情
269781,Ai qing mi yu
269784,San dui yuan yang yi zhang chuang
269788,Hun wai qing
269790,金装大酒店
269791,Gui ma bao biao zei mei ren
269794,Yi qi liang fu
270098,Xia cu da zhang fu
270466,Ying lun pi pa
264264,太平轮(上)
268642,Delete爱人
269144,独家试爱
269731,爱人同志
270774,Skiptrace
271220,情迷个半月
271237,黑侠VS赌圣
271273,Da Di Shuang Ying
271291,救世神棍
271347,山村老尸III恶灵缠身
271504,天生一对
271537,非典人生
271564,Gwai aan ying ging
271614,Life Express
271617,老夫子反斗侦探
271632,Prison on Fire: Preacher
271643,枕边凶灵
272128,惜别海岸
272131,台上台下
272456,The New Option
272621,Chun qiu cha shi
273429,Feng huang qin
273595,Gu Lian Hua
273845,哗！英雄
273889,回转寿尸
274236,"Whatever Will Be, Will Be"
274790,Queen of the Underworld
274862,The LEGO Ninjago Movie
274883,夜半一点钟
270034,小男人周记
270724,分手大师
270913,盂兰神功
271193,最后判决
273197,催眠大师
275623,Yi Shi Hao Ming
275625,Xia ri shi ai
275639,Si wang tiao zhan
275663,The Lama Avenger
275673,Bruce and the Iron Finger
275955,Tsui tsong aan chin yen
276090,天螺大破五行阵
276290,Shen qi liang xia nu
277026,我要结婚
277585,The Three Lustketeers
277692,夜半2点钟
277718,末日派对
277723,Hai gen
277773,Jin hai cang lang
277786,Lu ke yu dao ke
278072,哥哥的情人
278074,Yuen chuen git fun sau chak
278253,One Foot Crane
278473,Fei mao liu lang ji
278688,彩云曲
278778,Dancing Ninja
279740,Prey for the Hunter
280123,天王拳
280491,Qiu Xi
280591,秘语十七小时
280928,制服
280934,爱上100%英雄
274669,龙在边缘
274813,恭喜发财
275579,前任攻略
277519,Z 风暴
278070,Dang chuek lei wooi loi
281070,???????????
281072,???????????
281087,正将
281634,Yu Ta-fu chuan ji
282156,非狐外传
282245,Coppers
282469,Ye cha
283427,贩母案考
283473,Ameera
283571,大煞星与小妹头
283574,八彩林亚珍
283681,Gau sing biu choi
283910,毒玫瑰
283913,风流铁汉
284017,Zhuo gui da shi
284113,鸿胜蔡李佛
284589,Mida
278630,盗马记
279052,最佳嫌疑人
283451,Just Another Margin
283711,闯入者
284798,Zui hou yi ge dong ri
285003,Shen Bian
285051,Sons of the Good Earth
286097,Spider Force
286217,The Martian
286553,春满芭堤雅
286967,Qi yue shi si
287019,Bo sai xi yang qing
287022,窗
287024,飞女正传
287026,广岛廿八
287028,昨天今天明天
287029,珮诗
287222,Ye ban ge sheng - Shang ji
287239,The Legend Of Bruce Lee
287563,A Tran?a Feiticeira
287779,阴阳路之升棺发财
287783,Zheng yue shi wu zhi yi sheng yi shi
287888,军中乐园
288045,欢乐时光
288299,???????????????
288647,Shen tan Mo Lu
289732,Zombie Fight Club
289930,无问西东
289940,第6诫
290281,Sin bu sin yao ni
290759,野兽童党
291094,Lang xin ru tie
291303,黑社会档案之黑金帝国
292238,Horrible High Heels
284278,亲爱的
284552,Ci Xi mi mi sheng huo
285043,分手100次
286089,Ta lai zi hu zhi ming shi
286184,All's Well End's Well Too
292283,Lung ying moh kiu
292668,黑玫瑰
292711,神偷姊妹花
293021,京城81号
293071,旺角的天空2男烧衣
293183,一屋哨牙鬼
293234,新苏小妹三难新郎
293236,捞家邪牌姑爷仔
293240,投胎人
293243,池女
293246,床上的故事
293248,O女
293250,爱慾狂潮
293251,师爸
293252,懵佬，大贼，傻侦探
293253,系咁先
293300,杨乃武与小白菜
293465,Die wang jiao wa
293550,Dark Desires: Amy
293690,Nuren taxi nuren
293883,阴阳路4与鬼同行
293885,闘茶
293887,开心乐园
293980,Yin yeung lo 5: Yat kin fat choi
294017,Yin yang lu wu zhi xiong zhou kan
287324,第七谎言
287360,失恋急让
287420,单身男女2
287703,等一个人咖啡
288788,一生一世
294333,给他们一个机会
294871,猎仇者
294961,庙街皇后
294966,夺命心跳
295013,Magazine Gap Road
295222,Bao jie: Qing qing
295482,溶尸奇案
295907,One Night Stand
296483,Gui pian wang zhi zai xian xiong bang
297006,大踢爆
297058,大闹广昌隆
297552,The Big Boss Part II
297645,The Story of Xinghua
297747,傲气雄鹰
297763,Waang chung jik jong foh fung wong
298099,Liu jai yim tam ji yau kau
298200,情不自禁
298202,Yan jiang gou hun
290864,一个人的武林
291446,男人唔可以穷
291448,唐伯虎冲上云宵
293289,垂帘听政
293294,八旗子弟
298203,剑奴
298223,色降II万里驱魔
298307,点对点
298334,水浒传之英雄好色
293976,阴阳路2:我在你左右
294006,爱情梦幻号
294991,大茶饭
294992,智取威虎山
294993,黄飞鸿之英雄有梦
295273,太平轮(下)
298404,Sang gong lau ang
298458,Yan ku shen tan
299041,密宗圣手
299090,Zhi yao wei ni huo yi tian
299738,四大名捕大结局
299756,骗财骗色
299824,寻龙诀
299828,撒娇女人最好命
296007,坏姐姐之拆婚联盟
296147,大撒把
298197,Shenzhen gong lu qiang che sha ren an zhi liu mo nu
298329,Da hong mi dian
298530,伟哥的故事
300363,沙甸鱼杀人事件
300794,Kong xin da shao ye
300797,Yi ren zai jian
300798,Ji ren tian xiang
300800,小狐仙
300802,龙凤智多星
300805,E nan
300806,Wo yao jin gui xu
300980,小生梦惊魂
301915,The Deathday Party
302322,Himalaya Singh
303047,伴我纵横
303121,江湖篇之大佬
303456,龙猫烧须
303458,Zai sheng ren
303462,魔幻紫水晶
303469,尸家重地
303478,你情我愿
303481,Huang Fei Hong xiao zhuan
303487,脂粉奇兵
303492,摧花者死
303496,鬼干部
303498,大哥让位
303501,水玲珑
303508,老虎出监
303518,中日南北和
303526,女儿当自强
303527,超级女警
303534,无牙殭尸
303536,追鬼七雄
299822,钟馗伏魔：雪妖魔灵
299826,我的早更女友
300168,天将雄师
303538,Hua jie shen nu
303540,凌晨晚餐
304391,Shui yue men
305111,Xiao zui quan
305748,酒帘
306295,Fan wan di
306556,93 jie tou ba wang
306557,Huo pin you jian qu
306597,爱得起
306750,Pen huo nu lang
306863,杀戒
307064,南京的基督
307068,天台的月光
307070,Kuang ye sheng si lian
307074,群莺乱舞
307150,门
307154,红西服
307466,世博总动员: 世博冠军湖丝仔
307544,The Counting House
308461,青春差馆
308498,Lung Taam Daai Ngok
308520,Snake Curse
308649,Wan choi tung ji
308653,锦绣前程
308655,Er yue san shi
308703,长大成人
308706,两个人的房间
308893,Zhong sheng da shi
308899,青春斗
308924,百鸟朝凤
308925,非常爱情
308927,美丽上海
308938,Xiang Gang xiao jie xie zhen
308964,Chun Tao
308965,狂
308968,Ren yue huang hun
309227,香香闹油坊
309230,Zai na yao yuan de di fang
309232,黄河谣
309280,血战到底
309767,女儿红
309769,花桥荣记
309776,用心跳
309795,触不可及
309881,缘份2000
310356,忘了去懂你
310554,Naughty! Naughty!
310570,翡翠狐狸
311082,Hu xia
311087,Infernal Mission
311179,Dai jian de xiao hai
311244,Choh luen kwong cha min
305088,露水红颜
308651,都市情缘
311324,The Great Wall
311702,仙人掌
311708,Ng goh haak gwai dik siu nin
311725,Baan sau chuk dak hin dui
311811,鼓手
312080,天长地久
312094,永失我爱
312408,一步之遥
312890,Shui gan deng wo
312914,Why Didn't They Ask Evans?
312947,点指兵兵之青年干探
313046,Fei hu ji bing
313097,三文治
313098,Ka le fei
313100,Ge wu sheng ping
313101,荒漠人
313183,麻麻帆帆
313466,Mao shan dao ren
313734,Healing Hearts
313735,Chaak gung ji
314028,偷偷爱你
314105,The Conman 2002
314281,窈窕绅士
314866,Shu shi shen chuan
315010,Sense and Sensibility
315019,人细鬼大
315020,爱情Amoeba
315026,精装难兄难弟
315028,超级无敌追女仔
315030,对不起，多谢你
315031,新恋爱世纪
315032,天旋地恋
315033,龙火
315034,星语心愿
315035,灵与慾
315037,真心话
315099,The Love That is Wrong
315146,Zuo ye chang feng
315151,喂，揾边位？
315158,Saan gai bin fung wong
315456,三个相爱的少年
315580,Lao niang gou sao
315669,我的特工爷爷
315886,Tricky King
316045,开心勿语
316124,血染红尘
316441,机密档案之致命诱惑
316748,救薑刑警
316783,Fei nu zheng zhuan
316947,Sha mao jing li
317176,Jing hun feng yu ye
317846,不一样的妈妈
317868,Wo ai fu gui
317877,危险情人
317913,新房客
318382,祝福
318385,Wu Niu
318577,人生得意衰尽欢
318580,反骨仔
318617,Bo zhong qing ren
318635,Daai foo ji ga
318644,Mo deng pu ni ti
318945,Wan 9 zhao 5
319184,尽诉心中情
319195,富贵开心鬼
319455,狂情
319506,杀入爱情街
319551,Bin mei
319569,Ni qiu gao jiang
319614,Bao che
312729,涩青
313452,微爱之渐入佳境
313616,麦兜．我和我妈妈
314388,山河故人
320043,Xinji chi buliao re doufu
320303,Hu tu san xia ke
320325,Mei gui mei gui wo ai ni
320330,Qian wang qing ren
320333,神龙赌圣之旗开得胜
320393,Ma lu ying xiong
320510,停不了的爱
320529,我老婆唔系人
320542,Yi qian ling yi ye zhi meng zhong ren
320554,BB 30
320579,Jie mei qing shen
320584,Nian nian you jin ri
320601,Zei wang
320638,烂赌英雄
320668,梦过界
320680,失鎗72小时
320747,无问题2
320950,Gu huo da lu shi
320955,至尊三十六计之偷天换日
320993,中环英雄
314642,Dong bei pian bei
315509,赤道
316860,Mu mien jia sha
316879,Lao Dian
316935,Sheng xia and her fiance
316942,小城故事
321137,Fei yue mi qing
321503,夺宝龙虎斗
321954,摇摆的婚约
322160,Si da men pai
322776,喋血柔情
323430,12金鸭
324017,The Master
325112,男歌女唱
325161,爱在阳光下
325190,三丰独闯少林
325586,Yan gaan sik seung
325649,挑情
325701,The Kickboxer: Empire of the Dead
326786,完美假妻168
326852,叶蒨文完全是你演唱会2012
328090,Kuer liulang ji
328861,Gwong yat cham... Tin Hau
328862,老港正传
329131,六楼后座
329687,雏妓
320132,冲上云霄
320983,San ren xin shi jie
321079,Lie huo jin gang
322115,异域
322122,异域之末路英雄
329984,赌城风云 II
330438,Dai zi hong lang
330440,Ying zhao ming che
330459,Rogue One: A Star Wars Story
330733,夜疯狂
332393,Gui ba shi
332922,孤星血泪
332980,五个孩子的校长
323260,鸭王
323972,The Boundary
329206,失孤
333024,冲破死亡游戏
333027,Ultimate Revenge
333028,Bruce's Secret Kung Fu
333195,七擒七纵七色狼
333799,Cause: The Birth of Hero
334557,踏血寻梅
335777,The Nut Job 2: Nutty by Nature
331576,杀破狼2
336269,六合千手
336419,血连环
336441,Miao ji lian huan tao
337125,Mission Terminate
337219,壹狱壹世界?高登阔少踎监日记
337381,Battle for the Treasure
337422,立体奇兵
338388,江湖半把刀
338421,迷城
339148,Already Tomorrow in Hong Kong
340648,Sha Sha Jia Jia zhan qi lai
341225,Qing ren shi
341397,真夜中まで
341405,Sifu vs. Vampire
331931,烟飞烟灭
334132,何以笙箫默
334138,冲锋车
334281,浮华宴
334298,捉妖记
341564,Guo nian
341777,麻雀王
342127,"Ninja, the Violent Sorceror"
342168,Shu Kei: Viva! Island Girl
343028,妈咪侠
344057,巴黎假期
344070,Shuang long chu hai
344645,魔画情
345246,热血男人帮
345450,时间就是金钱
345619,黄子华栋笃笑之洗燥
345674,摆渡人
334930,暴疯语
339591,将错就错
340603,我是女王
340605,吉星高照2015
341230,Jia ru wo shi zhen de
345725,A Fool
345735,老笠
345801,Nightmare Zone
345829,Jin yi wei
346103,Crystal Fortune Run
346335,Du ming zou tian ya
347238,Po jian ji xian feng
347680,Yang guang di yu zhi ren rou shi chang
347879,最佳男朋友
347885,Meng hu fa huo
348595,煎饼侠
343059,Hollywood Adventures
343140,华丽上班族
344556,The Dead End
344938,少年班
345201,爱我就陪我看电影
345235,道士下山
348719,Jian dong lao ni mei zhi si da tian hou
349934,蜘蛛女
349942,野店
350631,Zhu guang bao qi
350853,洋妞到我家
351243,老豆唔怕多
351493,Private First Class
351535,Meng si hung feng
351719,Fire Dragon
352612,最佳搏杀
353671,玉楼三凤
354072,我的少女时代
355045,铁观音勇破爆炸党
355057,Ensisuukko
355381,Lan yu zhi ge
355421,Lan yi
355433,Shao nian shi wu er shi shi
355597,花月良宵
355604,风水二十年
355988,十面埋伏
355996,金三角群英会
356006,越轨之狼
356050,Long hu gou
356093,飞天女郎
356097,美男子
356103,不是冤家不聚头
351239,兔毫520
355935,大小不良
356139,赌鬼总动员
356224,Chun man qian kun
356225,人头马
356237,Ling Nan zhi hu
356427,Questa volta ti faccio ricco!
356568,The Best of Martial Arts Films
356592,无问题
356660,The Haunting Lover
356662,飞哥传奇
356784,马路小英雄
356786,侠圣
357172,Hung Kuen vs. Wing Chun
357325,特警90
357711,智勇三宝
357940,老炮儿
358618,Lang wen ye jing hun
358701,至尊无赖
359490,每天爱您８小时
359879,Tie shou wu qing zhui hun ling
360052,Meng gui ba wang hua
360186,Ninja in Ancient China
360227,Evil Instinct
360297,擒凶
360411,Hong qiang dao ying
360423,时来运转
358304,至尊计状元才
358306,五亿探长雷洛传II之父子情仇
360425,Zhuang ju zai yu Niu gan yan
360582,Jacky Cheung 1/2 Century Tour
360609,Yi Lou Yi Gui
360727,A Wild Party
360816,战龙在野
360876,Xin Fang Shi Yu xu ji
360993,Severely Rape
361485,云下的日子
362028,阴阳路十五之客似魂来 Yin yang lu 15: Ke si hun lai
362791,Qi yue qiao jia ren
363086,Red Pirate
363209,鬼怒川
364323,舞男情未了
364329,我来自北京
364392,金榜题名
364395,"Biao jie, ni hao ye! xu ji"
364397,"Biao jie, ni hao ye! 4 zhi qing bu zi jin"
364408,Nian hua re cao
364411,三人世界
364502,Shades of Rogue
364665,Life Beyond the Box: Norman Stanley Fletcher
365222,叶问3
365358,杜拉拉追婚记
360731,卿本佳人
361613,港囧
362154,解救吴先生
364042,光荣的愤怒
365938,Horror Holiday
366091,Miao jie gu shi
366160,Gei sun yan
366313,王家欣
367195,Z Storm II
367196,点五步
367199,别有动机
367206,三少爷的剑
367209,辣警霸王花
367210,十月初五的月光
367224,吉祥酒店
367877,剩者为王
367953,Ru mo
368195,Jin Xuan Feng
368320,Lao you gui gui
368672,Yin le jiang shi
368915,哪一天我们会飞
369124,陪安东尼度过漫长岁月
369486,扬子江风云
369538,铁拳
369553,怦然星动
369562,神秘家族
369575,Ku Hai Gu Chu
369608,Mermaid Got Married
369749,御前侍卫
368076,有客到
369934,Faat gwong sek tau
370300,Hu bian zi
370582,小小小警察
370723,Feng chen san nu xia
371163,Bruce and Shaolin Kung Fu 2
371451,陀地驱魔人
372301,The Rotters' Club
372461,得閒饮茶
372782,追捕
372810,Shuang long tu zhu
372836,万万没想到
372986,Vanishing Son
372988,Vanishing Son II
372989,Vanishing Son III
372990,Vanishing Son IV
373067,消失的凶手
373571,Godzilla: King of Monsters
373581,Wo ai niu wen chai
373911,4X100 水着份子
374258,魔卡行动
374566,寂寞的十七岁
374623,不是冤家不聚头
374640,窗外
374645,云飘飘
374649,云河
374651,蓝桥月冷
374654,枫叶情
374655,鬼马俏医生
374699,Jackie Chan's Hong Kong Tour
374835,艺坛照妖镜之96应召名册
374991,Naughty Couple
374993,龙兄虎弟
372283,从天儿降
372745,十七岁 / 5 yue yi hao
374997,"Thank You, Sir"
375447,爱·有明天
375449,黑白珠
375562,昨夜之灯
376042,"Katanas, yakuzas y cintas de video"
376164,今年湖畔会很冷
376168,芳草碧连天
376223,Tong tian pai dang
376277,国父孙
376485,不一样的爱
376549,The Strange House
377116,吸我一个吻
377232,情色
373196,恶棍天使
373200,唐人街探案
377447,铁道飞虎
377517,Red Top
378014,飞越阴阳界
378031,血溅归乡路
378065,杀手
378884,The New Option: The Syndicate
378885,The New Option: The Revenge
378887,The New Option: Puppet Hon
378889,The New Option: The Final Showdown
378892,The New Option: Gold Rush
378893,The New Option: The Campaign
378894,The New Option: Confrontation
378896,The New Option: Saviour
378897,The New Option: Run and Shoot
378913,X-Cop Girls
379027,活该你单身
379090,Modern Detective
379149,The Foreigner
379252,Keep On Dancing
379526,冬恋
379599,鬼上身
379685,林投姐
380007,一切都好
373922,三人行
374385,落跑吧爱情
377007,非法操作
377859,花街柳巷
378462,鸭王2
380104,Bloody Destiny
380679,聚散两依依
380819,Seung Lung Chut Hoi
381552,Devoted To You
381734,心跳时刻
381890,美人鱼
381902,西游记之孙悟空三打白骨精
381993,烟雨
382563,龙在哪里？
382569,奔爱
382572,罗曼蒂克消亡史
380762,树大招风
380948,一念天堂
382635,Dong Jing shen pan
382816,候鸟之爱
381002,赌城风云III
383069,Memento
383785,功夫瑜伽
383827,花心野玫瑰
384145,Sat yip wong dai
384163,秋霞
384168,第二道彩虹
384209,我是你的野蛮女友
384296,欢喜冤家
384337,忌廉沟鲜奶
384521,Untitled Cloverfield Movie
384617,人鬼一家亲
384689,Bu dao de de li wu
384758,中国女兵
384766,上身
385027,横财三千万
385748,Gu Ning Tou Da Zhan
385958,独臂神尼
386349,Let's Have a Baby
386352,Sam sap chue lam
386525,"财子, 名花, 星妈"
386528,Feng hua xue yue
386535,The Hand
386624,Du wang da pian ju
386685,Zhuo shu ji
386702,用爱捉伊人
386983,神偷妙探手多多
387047,小姨怀春
387057,大追击
387409,Big波诱感
387476,Yiu yan kuang liu
387505,孤恋花
387543,Wong dai jaa fung lau
387544,Ching mai heung gong
387578,五月樱唇
387592,Early Man
387686,生命快车
387702,冲破黑漩涡
387747,千面大盗
387749,连琐
387755,新陈三五娘
387756,艳阳天
387758,慾海情魔
387932,Jin pu sa
387934,Hun duan nai he tian
387935,野姑娘
387937,宋宫秘史
387949,极限挑战之皇家宝藏
386235,再见，在也不见
388423,Shan ge lian
388493,Xie shou yin
388496,乔太守乱点鸳鸯谱
388506,红楼梦
389201,大话西游 3
389303,Yun cai zhi li xing
387480,樱桃
388403,火锅英雄
389343,审死官翻案
389495,聊斋艳奇之月宫宝盒
389519,灯塔下的恋人
390286,不文小丈夫
390733,马路英雄II非法赛车
390998,阴阳界
391355,Qi du xian feng
391523,Tian shan yu nu jian
392187,结婚那件事之后
392679,Ku Er Liu Lang Ji
393818,网络时代的爱情
393834,Goldstone
394495,刑警兄弟
394787,不文小丈夫之银座嬉春
395181,Beijing Meets Seattle II: Book of Love
395575,She wang zi
395694,Shorinji Kempo: Musashi Hong Kong ni arawaru
395881,Pu jing da jie an
395896,寒山尸变
395999,Ha Lin Hang Dong
396031,鬼胎
396065,梦想合伙人
396192,穿梭阴阳界
396276,Pi Li Bao Zuo
396450,唯我独尊
396503,报告典狱长
396520,慾火焚琴
396949,Zhen bai she zhuan
397014,冰河追凶
391477,选老顶
394051,魔宫魅影
394856,消失爱人
394998,不速之客
397061,Wei xian ren wu
397152,龙形虎步千里追
397363,Sei Miu Gaam Yuk
397679,To Spy with Love!!
398018,Zhi Zun Sha Shou
398021,Hei Bang Zhan Qiang
398192,Mao pai da zei
398551,负心的人
398655,Strange Battle
398792,Lost in the Pacific
398796,Tao xue ying xiong zhuan
398987,我的兄弟姐妹
399013,Ye ye ban fei jiao
399050,Xing hua kai
399069,Saang Gong Sueng Lung
399084,Tong dang zhi jie tou ba wang
399100,Lei tai
399101,霹雳情
399182,猛鬼屠房
399186,Dip Huet Bin Yuen
399295,The Tattooed Dragon
399300,超级保镖
399551,La shou xiao xiong
399566,Godzilla vs. Kong
400069,Saai Feng
400311,Let's Go Slam Dunk
400327,Xian sha lu
400384,恶人谷
400385,Night Peacock
400439,Jiang hu qi bing
400759,过江
400820,Shan Gou 1999
400907,Da Shanghai 1937
401081,Tu ying dang an
401085,Kai ma m yik jo
401191,发达先生
401195,舞台姊妹
401319,雨夜天魔
401321,Lian ai de tian kong
401430,Mang jian xue di zi
401457,Xian sheng gui xing
401670,Xin nan huan nu ai
401678,Gang du zui hou yi ge bao biao
401706,秋天日记
401711,Hua xin meng li ren
401712,Xi huan de gu shi
401737,再见王老五
401763,Huan le shen xian wo
401786,Xue Dou
401788,Du hao
401794,逃学外传
401796,92 ying zhao nulang
401798,The Kid from the Big Apple
401924,Zhi shi huo tui
401926,Di xia cai jue
401929,Liang ge du li bao zhuang de nu ren
400604,大尾鲈鳗2
400840,Good Take!
401666,Xiang Gang lun xian
401934,小男人周记2错在新宿
402057,Tian ci liang yuan
402059,Fat jung ching
402063,Ji wu cang jiao
402088,Zhui nu zi
402213,Dan shen gui zu
402216,Shen yong shuang mei mai
402218,打工狂想曲
402349,Lao po ni hao ye
402351,"Biu je, nei fan ye!"
402353,Wu San Gui yu Chen Yuan Yuan
402382,曝光人物
402493,Cao mang ying xiong
402504,Huang feng wei hou zhen
402506,Huang Fei Hong dui Huang Fei Hong
402509,悭钱家族
402548,Ci Yun Shan shi san tai bao
402611,人海孤鸿
402620,Tou qing xian sheng
402626,Cho hang ling fan
402702,何方神圣
402711,Qiu ai fan dou xing
402775,Do wong
402805,Fatal Invitation
402826,杀机重重
402832,Mu yu nu
402842,Jiu ming xuan yan
403019,Huo hu die
403021,好女十八嫁
403022,爱的种籽
403023,The Meaning of Life
403114,Window Horses
403148,Jiu yue chu jiu: Xin niang tan
403151,Lan Gui Fang 7 gong zhu
403156,辣妹天使
403164,Bright Future
403309,Dragon Girls !  Les amazones de la pop culture asiatique
403425,Pan ni qing yuan
403427,Mao xian you xi
403430,Tau mung
403580,大唐玄奘
403645,Yin yang lu 7: Zhuang dao zheng
402505,Sentence Me Guilty
403032,楼下的房客
403646,Yin yeung lo 8: Goon choi zai
403647,Yin yang lu jiu zhi ming zhuan qian qun
403652,Yin yang lu shi yi liao gui tiao ming
403657,Yin yang lu shi liu zhi hui dao wu xia shi dai
403675,Yin yang lu shi qi zhi jian fang you gui
403678,Yin yang lu shi ba zhi Gui shang shen
403679,Yin yang lu shi jiu zhi Wo dui yan jian dao ye
403741,Chong ji 21
403781,Liao zhai zhi yi
403786,Tam tam ching suet suet sing
403866,The Vampire Combat
403905,Fan lao hai tong
403907,Si qian jin
403931,旗正飘飘
403934,Tianwài tian xiaozi
403985,Hao qing gai tian
404033,Fu gui ji xiang
404036,夺宝计上计
404037,Kai xin shuang xiang pao
404265,Wen na yu jiao shu
404272,Zai jian ma mi
404274,欢乐5人组
404297,Kuai le tian shi
404298,一屋两妻
404299,Fung lau ga chuk
404300,开心快活人
404304,Sam yan jo sai gai
404334,Huo bao da quan zi
404336,Yan jiang
404359,Laam seung lui gwong
404369,家在香港
404371,发达秘笈
404380,Wo yuan yi
404405,带你嫖韩日
404481,Zui mao shi fu
404526,Gui ma gu ye zi
404572,九龙皇后
404669,Man Yuk: A Portrait of Maggie Cheung
404900,Chao ji wu di zhui nu zai 2 zhi gou zai xiong xin
404904,Ting bu liao de ai
405414,鬼计双雄
405597,Si yan zai
405610,Duo qing zhong
405647,报告班长3
406113,少爷威威
406250,Gwai ma hau yuen
406429,封神传奇
406603,Shu Qi - Tender Feeling
406898,半妖乳娘
407039,老夫子三救傻仔明
407189,Huan chang
407317,Chang tui jie jie
407400,舞台姊妹
407404,不文骚
407408,Ti xiao yin yuan shang ji
407409,Ti xiao yin yuan xia ji
407410,两公婆八条心
407412,Hiu sam seung oi
407458,龙咁威
407462,Tian mi shi liu sui
407516,Liang xiao hua nong yue
407526,Shuai gui qiao qiang jiao
407530,Piao cuo can
407636,大兵金宝
407663,花心三剑侠
407664,飞跃羚羊
407781,Xin dong
407793,Wo ai Tang Ren Jie
407795,奇异旅程之真心爱生命
407805,何必有我?
407810,色慾与纯情
408127,Zhui gan pao tiao peng
408210,打开我天空
408321,刮痧
408430,搏击奇缘
409160,iGirl
407637,Huo wu yao yang
409182,郑秀文 Show Mi 2007 演唱会
409289,我最好朋友的婚礼
409478,Lam Gong juen ji fan fei jo fung wan
409489,Yì du mí jú
410578,同居关系
410594,Tuo cuo che
410894,冒牌皇帝
410897,警察扒手两家亲
410938,名剑天骄
410979,Bai fen bai gan jue 2
410992,富贵兵团
411005,一路顺风
411052,暗色天堂
411057,海鸥飞处
411214,Yu mei ren
411222,Jian nan te jing
411268,使徒行者
411432,执法者
411434,蜜月酒店杀人事件
411438,古惑夕阳红
411443,Bian tai sha ren kuang
411694,富贵黄金屋
411815,Dao shou
411817,Ngoi ngei ngoi do saat sei ngei
411907,Hangzhou wang ye
412052,天作之盒
412058,水浒笑传
411603,东邪西毒：终极版
412166,六人晚餐
412180,Yi ben man hua chuang tian ya II miao xiang tian ka
412289,东追西赶跑跳碰
412303,妈妈要我嫁
412305,怪侠一枝梅
412405,Mei you xiao liao de tian kong
412891,七步干戈
412986,我的爱
413129,少林活宝贝
413177,拍拖更
413197,贩卖人口
413198,Ngai sing
413213,风从那里来
413269,忘忧草
413341,我是一沙鸥
413475,暴力刑警
413658,勇士之门
413745,天亮之前
413838,一念无明
414216,疯女泪
414517,Combat Sheep
414518,往事只能回味
414688,报告班长
414697,Shanghai Dawn
414752,全力反弹
415214,Mei Gong He Xing Dong
415481,卖命边缘
415569,忍
415634,追凶者也
415636,从你的全世界路过
415042,广东五虎之铁拳无敌孙中山
415364,给野兽献花
415391,JACKY CHEUNG WORLD TOUR 07 HK
415774,补镬英雄
415776,失业生
415839,The Lost Kung Fu Secrets
415965,Jackie Chan - Invincible Fighter
416066,连环炮
416073,Official Exterminator 4: Goddess Mission
416310,异乡梦
416311,秋歌
417321,The Master: A Lego Ninjago Short
417386,男极探射灯
417770,My War
418032,Till Death Do Us Part
418091,爱的小屋
418167,我的蛋男情人
418502,浪蝶狂花
419242,幸运是我
420296,???????
420465,Ten Thousand Waves
420538,Mrs K
420635,美好的意外
420644,欧洲攻略
420961,情陷掌门人
416240,S 风暴
416249,寒战 II
419544,偷天特务
420991,应召女郎
421812,顽皮侦探三游龙
421834,王牌
421866,Mao bian
422239,少女心
422372,瓦鬼还魂
422374,奇人奇遇
422436,侠大战独臂侠
422443,冲天
422531,麦兜·饭宝奇兵
422539,珠海三雄
422653,两个歌王
422657,歌唱新夜吊白芙蓉
422785,一曲凤求凰
423116,光绪王夜祭珍妃
423125,导火新闻线
423142,Horrible Mansion in Wild Village
423154,黄金岛历险记
423512,情劫
423526,我系老夫子
423701,Mu lu tian shi
423789,Moh ying
423865,碧云天
423879,雷霆特警
424254,Gui gan chuan
424479,浪花
424778,Pi li sha shou
425009,蓝色酒店
425258,浪子与修女
425743,The First Emperor
425755,Invisible Killer
425844,新忠烈图
425848,Forever and Ever
425852,What Is a Good Teacher
425985,Half Twin
426108,春归何处
426234,慧眼识英雄
426407,偷心贼
426454,窄梯
426550,三笑姻缘
426646,Fei dao you jian fei dao
426806,传奇人物
426967,Ｑ畸恋人
427247,爱情长跑
427276,空中小姐
427286,喝采
427288,魔幻赌船
427295,Saai sau joi pau fan
427299,Tiankong xiaoshuo
427358,老爷酒店
427371,沙滩上的月亮
427381,Shao Lin sha jie
427456,老夫子奇趣录
427744,明日天涯
427882,Lemon
427883,3条友饮醉走
427963,台北爱情故事
427972,冬之祭
427986,大地亲情
428045,Journey to China: The Iron Mask Mystery
428123,Jeet Kune Do
428246,说谎的人
428334,偶然
428387,娶错老婆投错胎
428865,情敌蜜月
428955,金盏花
429532,慾燄浓情
429592,江湖第一剑
429670,杀夫游戏
429997,Die Xie Cheng Shi
430152,Ken San
430769,不怕贼惦记
431041,Love is Over
431579,失恋日
431591,We're Going on a Bear Hunt
431952,珠光宝气
432531,金国民
432532,师奶唔易做
432881,Ding Yi Shan
433172,Adventures of Emperor Chien Lung
433211,Qian Long xia Yangzhou
433243,Yuan yin
433311,裸尸痕
433395,Nu hai qing chou
433563,辞郎洲
433819,Beyond Redemption
433845,独霸天下
434221,妖猫传
434544,靓足100分
434942,健忘村
435064,反转人生
435085,法外情
435159,痴情泪
435176,An dou
435184,极东黒社会
435236,山东老娘
435305,乾隆皇奇遇记
435444,同居
435621,三度诱惑
435656,军阀趣史
435800,西游伏妖篇
435863,大闹天竺
436047,我是谁2015
436335,Huang se gu shi
436443,Dong lian
436774,盲女奇缘
436776,跟我的前妻谈恋爱
437037,四傻害羞
437216,那年夏天你去了哪里
437255,我要发达
437263,情人，看刀
437266,一片深情
437543,西游记·女儿国
437562,重庆爱情感觉
437814,应召女郎1988
437857,Liu yue xin niang
437896,拜倒石榴裙
437897,乌龙济公
438052,星座奇趣录
438063,幽兰在雨中
438081,乘风破浪
438151,啼笑夫妻
438212,情奔
438277,七只狐狸
438279,刀魂
438857,决战食神
436792,Blood of Youth
438934,第一次
438963,早晨再见
439048,Dragon Blood
439063,爱拼才会赢
439130,摇钱树
439131,肉蒲团
439153,野蜜桃
439323,黑火
440051,金钮扣
440062,锁麟囊
440093,庭院深深
440146,小男人周记3之吾家有喜
440211,紫色风雨夜
440216,青春恋歌
440375,欢乐时光
440471,Escape Plan 2: Hades
440678,猪仔出更
440811,Beyond Live 1991
440822,张学友 Private Corner 迷你音乐会
440895,混在北京
440904,Da tou zai
440926,赢家
441075,歌手
441300,王龙
441391,大迫迁
441393,江湖儿女
441487,历代名妓　悲落叶の柳如是
441531,拆弹专家
441543,一对傻鸟
442015,热浪
442020,晨雾
442024,温馨在我心
442061,百厌妹
442083,邪花劫
442086,黑街舞男
442095,江湖悲剧
442116,毒刺
442158,黑色午夜
442165,夜之女
442201,梦的衣裳
442325,八步追魂
442685,疑神疑鬼
442686,青春爱人事件
442690,说好不分手
442982,Ci ke lie zhuan
443065,野性任务
443211,爱我别走
443688,张学友：每天爱你多一些演唱会
443827,学与友93演唱会
443830,95友学友情缘十载台北演唱会
443833,95友学友演唱会
443834,爱与交响曲
443840,友个人99演唱会
443842,张学友903拉阔演唱会
443846,张学友音乐之旅演唱会
444133,Qicai Hubugui
444138,英烈千秋
444185,皇天后土
444191,合约男女
444206,The Collector
444402,燃烧吧，火鸟
444642,带枪过境
444973,Gwaat Mui
445071,Those Who Go To Hell
445799,枪口下的小百合
445940,北极风情画
445942,飘零的雨中花
446142,Lang tzu yi chao
446168,Bruce and Dragon Fist
446352,警网雄风
446794,Rendea-vous of Japanese Kanto
446858,Gold Constables
446945,黑色走廊
447242,奸魔
447344,禁房艳奇
447357,尸蛊艳谭
447359,93夜之女
447366,十三妹
447487,女人面面观
447717,兽心
447729,灰灵
447731,夜半人狼
447753,Gui gan guo yin
447755,Se yu kuang mo
447798,九弯十八转
447811,南北妈打
447821,鬼媒
447872,艳鬼情未子
447952,失眠
443638,Lowell Lo 2050 Live In Hong Kong
443816,LOVE
446533,我爱的是你爱我
446830,救殭清道夫
448102,赌鬼
448434,黑色大亨
448492,东北往事之破马张飞
448603,野性的邂逅
448641,皮箧拉尸
448645,狂蟒凶灵
448651,迷离警界之鬼车
448667,浴室丢尸
448680,Dead Air
448766,性事奇趣录之阉夫
448968,Da Lao Qian
449038,黎明之眼
449096,Gui hou duan hun dao
449329,Hoi sam gui miu ba
449343,The Truth - Final Episode
449349,A Family Affair
449355,群龙夺宝
449369,神行太保
449488,Read Lips
449494,难兄难弟
449495,The Perfect Wife
449505,Beloved Daddy
449509,Affectionately Yours
449525,Lucky Guys
449578,Jin lian hua
449652,原谅他77次
449681,Fascinating Affairs
449698,My Beloved
449702,The Daring Kung Fu Refugee
449707,Lucky Diamond
449715,Ruthless Family
447535,上海王
447954,春娇救志明
449718,Running Mate
449726,我在江湖
449924,Ip Man 4
449927,追龙
449950,惊艳危情
450408,蛇蠍情人
450423,请鬼
450440,殭尸斗巫师
450445,殭尸大闹西门町
450453,纸盒藏尸之公审
450518,午夜招魂
450544,裤甲天下
450547,乌龙贼替身
450613,鬼马功夫
450616,菟丝花
450692,横扫鱼蛋档
450697,越南仔
450838,鬼咁有缘
450844,丑探七个半
450848,大话神探
450854,爱的逃兵
451050,老友鬼上身
451122,脱皮爸爸
451199,Into the Rainbow
451459,危情羔羊
451461,天生绝配
451464,情色
451466,走不出的日子
451469,决战枭雄
451472,老婆万岁
451476,变身契约
451487,化妆师
451489,Atm提款机
451492,香港超人大破摧花党
451495,缘帽唔怕戴
451498,香港屋簷下
451503,大乡里
451565,南海风云
451586,Du ming shuang xiong
451652,飞侠神刀
451653,疯狂杀手
451656,总有一天捉到你
451660,欢乐人生
451671,蔡李佛勇擒色魔
451672,玉面煞星
451675,冷暖青春
451770,一剑香
451774,浪子佳人
451775,天龙堡
451776,聪明太太笨丈夫
451778,得左
451779,蔓莉蔓莉我爱你
451804,独眼侠
451860,Hung Fan Saai Sau
451936,给我一个吻
451937,侠圣
451944,初归新抱
451948,玉女添丁
451949,红花侠盗
451965,The Gentleman's Wager II
452103,游戏规则
452551,The Adventurers
452558,杀破狼·贪狼
452734,一枝光棍走天涯
452738,面懵心精
452742,点只捉贼咁简单
452767,慌失失
452842,Gan'en Suiyue
452400,明月几时有
453658,Huang Fei-hong hu peng fu hu
453660,白娘娘借尸还魂
453662,黄飞鸿被困黑地狱
453667,黄飞鸿擂台斗五虎
453769,黄飞鸿之八大天王
453774,黄飞鸿之少林故事
453777,黄飞鸿之无头将军
453785,黄飞鸿之理想年代
453789,黄飞鸿之辛亥革命
453969,黄飞鸿龙争虎斗
454016,非常婚事
454841,Bu zhun diao tou
455043,荡寇风云
455231,鹰爪手
455237,左右情缘
455392,29+1
455400,Five Kung Fu Daredevil Heroes
455578,黄飞鸿勇破烈火阵
455581,猩猩王大战黄飞鸿
455650,Zombiology: Enjoy Yourself Tonight
455723,Long jia jiang
456621,特技猛龙
456786,创业玩家
456791,海报师：阮大勇的插画艺术
456797,丐世英雄
456798,富贵人间
456815,Lying Hero
457061,Massagist
457332,Ex-Baghdad
457471,妄想症
457970,Dream of a Summertime Lover
457999,The Monkey King: The Legend Begins
458018,"Leung goh nuijen, yat goh leng, yat goh m leng"
458056,陌生人
458119,喜剧王
458165,初一十五
458194,再见英雄
458299,苔痕
458340,Dai ke bo che
458461,鬼琵琶
458475,黄飞鸿虎鹤斗五狼
458476,黄飞鸿拳王争霸
458477,Film ohne Fesseln - Das neue Hongkong Kino
458827,Eastern Heroes: The Video Magazine - Volume 2
458996,Killing Does Not Pay
459153,Yuk lui tim ding
459318,巴士站
459426,999谁是凶手
459489,妳我她
459669,金牌双龙
459816,老虎燕星
460003,秦香莲
460079,两湖十八镖(上集)
460080,两湖十八镖(下集)
460555,红海行动
460623,化骨龙与千年虫
460648,Bleeding Steel
460747,五对佳偶
460787,Heroes Three
460936,叠影追凶
461318,反斗马骝
461322,1/2 次同床
461324,求恋期
461349,愤怒的小孩
461357,嫁到宫中的男人
461365,别爱陌生人
461435,天上的恋人
461578,判决
461760,四个32A和一个香蕉少年
461907,剃头匠
462114,To Love Ferrari
462211,岳飞出世
462213,公主与七小侠
462215,猴子兵华山救驾
462217,小龙女三戏白蛇精
462218,生死关头
462253,武林第一剑
462255,人之初
462259,虹霓关
462278,天剑绝刀
462437,浪子杀手霸王花
462605,抢红
462608,Piao yi xiong jian
462763,逆天者
462765,Fu Bo
462771,慾望之城
462773,Wan bok lut chai
462774,Nan guo feng yun
462777,亡命之逃
462778,Bo Lan Jie ma wang
462779,女男爵
462908,魔鬼教师
462910,上帝之手
462912,邪教档案之末日风暴
462922,Se zi tou shang yi ba dao
463026,误人子弟
463043,金装香蕉俱乐部
463044,陆小凤传奇之凤舞九天
463251,Fung kwong dai lo chin
463255,Tian Shi Kuang Long
463319,Shadow
463652,Shen Quan Ba Tui Zhui Hun Shou
463967,两小无知
464131,全城高考
464511,雄霸四海
464642,千变魔手
464673,在水一方
464846,热浪
465678,摩登童子功
465937,千王1991
465938,情人知己
465941,明日天涯
465992,郭明义
466155,Youth Dinner
466438,鲛珠传
466924,喵星人
467101,Come Across Love
467136,百战保山河
467139,老鼠街
467144,飞行日志
467159,Wen shen nu lang
467464,Karate sabuk hitam
467602,天剑绝刀(大结局)
467610,笑面侠
467619,决斗恶虎岭
467703,小魔侠
467705,四武士
467707,峨嵋霸刀
467717,Suen Fung Kim Haak
468008,彩色青春
468273,黑带恨
468285,Jackie Chan - The Kung Fu Years
468299,Jackie Chan - From Stuntman to Superstar
468308,爆炸令
468713,侠义双雄
468802,Kin chan no Cinema Jack
469674,地狱新娘
470114,24 Hours to Live
470836,Meditation Park
470902,罪加一等
471537,我是处女座
471557,Face to Face
472188,Prince of Broadcasters
472529,烂赌财神
468892,建军大业 - Jiànjūn Dàyè
471843,My Favorite Season
472603,马神
472793,"The Fairy, the Ghost and Ah Chung"
472900,Leopard Hunting
473068,笼里鸡
473163,1998之闯将
473256,破·局
473770,吕四娘闯少林
473842,Da ying jing qing lu ye zhui ji
473920,S.M.A.R.T. Chase
474125,The Golden Monk
474197,高粱地里大麦熟
474420,京城81号II
474656,西厢艳谭
474703,追球追求
475270,越轨行动
475301,谷爆
475330,Sheng ren wu jin zhi wen mi
476102,秋莲
476310,Ze sha ze
476632,真假太太
476819,忍者撞邪
476885,超级班长
477002,雁儿在林梢
477430,赤子心浪子情
477579,Dak ging 90 II - Zi mong meng tin ngaai
477679,女朋友
477682,Qing qing cao yuan shang
477932,一蚊鸡保镖
478219,滚女揾老衬
478270,越柙飞龙
478273,越柙飞龙 II 虎穴潜龙
478275,警花肉搏强奸党
478282,富贵狂花
478286,一线生机
478290,还是觉得你最好
478291,废话小说
478315,改正归邪
478316,顺其自然
478319,社团之撚位
478798,风林火山
478804,血观音
478880,Yu long yin
478887,剑魂
478954,Gui pi
478956,Xue ying hong deng
478984,jiang shi dao zhang I
479272,Color of the Game
479733,狗仔大佬
479951,Fist of Fury
480691,Bai jia zai
481019,砚床
481027,暖冬
481106,甘联珠大破红莲寺
481207,理发师
481219,菊花茶
481224,花儿怒放
481253,Jian ren shi jia
481275,凤凰
481299,洪门三柱香
481308,萧声震武林
481340,Hu hwa ling
481350,血酒后街
481394,七侠八义
481464,传奇方世玉
481479,Shuang la
481508,葵花圣女
481617,绝对情感
481913,Yue meng long niao meng long
482049,小武士
474442,西谎极落: 太爆?太子?太空舱
475136,莫欺少年穷
482073,红草滩之刀神
482236,怪异集之你回来吧!
482242,Di yu lai ke
482244,迷离档案之游戏阴阳界
482245,魔由心生
482257,Xiang jiao jing qi an
482265,黑蜈蚣
482271,黑色星期五
482274,Hei mu
482275,黑色迷墙
482283,龙虎豹
482352,围村有野搅搅震
482359,真凶
482368,999 24 xiao shi ming an
482370,神秘的凶手?
482374,Si wang jiao zhi ye
482377,愿嫁鬼新郎
482491,方便面时代
482565,Yao nu dou shi gong
482637,Yue yi xing xie
482648,楚留香与胡铁花
483043,Shou xing di yu nu
483088,Xiang Gang Ai man niu
483089,七重天
483091,Wu long Q wang
483093,Chu ce
483213,做头
483285,You ling wang zi
483291,Yin yang lu
483386,Bi yan mo nu
483412,Long wei fu zi
483469,Tian guan ci fu
483590,夜迷情
483644,Xue ran ye mu dan
483660,千里单骑追凶
483744,手指拗出
483745,死穴拳
483746,玉面蜘蛛
483788,雨夜惊魂
483814,包公夜审行尸
483837,小鬼奇兵
483838,助念新星
483898,50 Greatest Harry Potter Moments
484122,虎豹小子
484257,角色于我
484325,Mi li jig jie zhi: Lan gui fang
484330,不寒而栗
484370,鬼妈妈
484371,面青青有排惊
484375,Get Action
484523,地下赌王
484535,鬼味人间II：鬼屋幻影
484997,仙球大战
485012,Fatal Command
485036,Nu wang feng fu qiao
485065,天地双腿
485075,五虎摧花
485130,Jinshan dashao
485170,天使风云
485179,第三种温暖
485188,兰陵王
485253,小李飞刀
485262,第一剑
485264,不共戴天
485272,天煞孤星
485342,终身大事
485430,一斗忠烈
485446,目中无人
485449,将邪神剑
485638,Rush Hour 4
485825,小霸王
485931,Kai Fa Qu Sha Ren Shi Jian
486154,大佬
486284,以青春的名义
486610,铁金刚海空夺宝
486898,地球最后的夜晚
486963,摩登龙争虎斗
486987,影迷公主
487117,Gong Shou Dao
487596,周华健 今天唱什么台北演唱会 2015
482408,Harry Potter - A History Of Magic
482590,相爱相亲
484290,常在你左右
488928,Li Kui chuan qi
488953,回到被爱的每一天
489091,Jian yu feng yun zhi shao nian fan
489195,大密探
489313,Memoirs in China
489356,牛兄牛弟
489376,美丽大学
489616,岁月友情演唱会
490214,Bing Feng : Yong Heng Zhi Men
490297,天神剑女之石头记
490424,Bruce Vs. Bill
490464,Treasure of Bruce Le
490761,魔鬼天使
491239,Vengeance
491305,Dead Pigs
491322,流氓师表
491354,猛龙突击
491602,Wo de 1919
491920,浪漫搭档
491937,妖铃铃
492794,职业大贼
492851,新永不消逝的电波
493203,Eastern Heroes: The Video Magazine - Volume 1
493226,Jackie Chan's Global Friendship Tour
493642,难得有情郎
493705,岁月友情演唱会
488932,二次初恋
488957,少年
492101,New Jin Ping Mei I
492104,New Jin Ping Mei II
492105,New Jin Ping Mei III
492106,New Jin Ping Mei IV
492108,New Jin Ping Mei V
